id,negative,key_entity
13002,1,
13006,1,
13009,0,
13011,0,
13015,1,
13017,0,
13018,1,
13019,1,
13020,1,
13022,1,
13023,1,
13024,1,
13025,1,
13026,1,
13029,1,
13031,1,
13032,1,
13033,0,
13036,1,
13037,0,
13039,1,
13040,0,
13043,1,
13048,1,
13049,1,
13051,0,
13052,1,
13056,1,
13060,1,
13061,1,
13062,1,
13067,1,
13068,1,
13070,0,
13077,1,
13080,1,
13082,1,
13083,1,
13084,1,
13085,1,
13088,1,
13094,1,
13095,1,
13096,1,
13097,1,
13100,0,
13101,1,
13102,0,
13103,1,
13107,1,
13110,0,
13113,1,
13116,1,
13117,1,
13121,1,
13125,1,
13126,1,
13127,1,
13131,0,
13132,1,
13133,0,
13134,1,
13135,1,
13137,1,
13139,1,
13140,1,
13141,1,
13142,1,
13144,0,
13146,1,
13150,1,
13152,0,
13156,0,
13157,0,
13159,1,
13160,1,
13161,1,
13162,0,
13163,1,
13166,1,
13168,1,
13169,1,
13170,0,
13172,1,
13174,1,
13175,1,
13176,0,
13178,1,
13180,1,
13184,1,
13185,1,
13186,1,
13188,1,
13189,1,
13190,0,
13191,0,
13193,1,
13195,1,
13196,0,
13198,1,
13202,1,
13203,0,
13204,0,
13206,1,
13207,1,
13208,1,
13209,0,
13210,1,
13211,1,
13212,1,
13213,0,
13214,0,
13215,0,
13217,1,
13218,0,
13219,1,
13221,1,
13222,1,
13224,0,
13225,1,
13226,0,
13233,0,
13234,1,
13236,0,
13237,1,
13238,1,
13239,1,
13241,0,
13242,0,
13245,0,
13246,1,
13247,1,
13249,0,
13250,1,
13251,1,
13256,0,
13258,1,
13259,1,
13260,1,
13268,1,
13271,1,
13272,0,
13274,1,
13275,1,
13276,0,
13278,1,
13279,1,
13280,1,
13281,1,
13283,1,
13284,1,
13286,1,
13292,1,
13294,1,
13300,1,
13304,1,
13307,1,
13308,0,
13309,1,
13310,1,
13311,1,
13313,1,
13315,0,
13318,1,
13319,1,
13320,1,
13322,1,
13323,1,
13326,1,
13327,1,
13331,1,
13333,1,
13335,1,
13338,1,
13341,1,
13342,1,
13344,1,
13348,1,
13349,1,
13350,1,
13351,1,
13352,1,
13354,1,
13355,1,
13356,1,
13357,1,
13358,1,
13360,1,
13361,0,
13364,1,
13365,1,
13367,1,
13370,1,
13371,1,
13372,1,
13374,0,
13375,0,
13376,1,
13378,1,
13379,1,
13380,1,
13382,1,
13383,1,
13384,1,
13385,1,
13389,1,
13391,1,
13392,1,
13393,1,
13394,1,
13398,1,
13399,1,
13403,1,
13404,0,
13405,1,
13406,1,
13407,1,
13411,0,
13413,1,
13416,1,
13418,0,
13419,1,
13420,1,
13425,0,
13430,1,
13431,1,
13437,1,
13444,1,
13448,1,
13449,1,
13450,1,
13451,1,
13452,1,
13454,1,
13459,1,
13460,1,
13461,1,
13462,1,
13468,1,
13470,1,
13473,0,
13474,1,
13475,1,
13478,1,
13479,1,
13481,0,
13484,1,
13486,1,
13487,1,
13488,1,
13490,1,
13491,1,
13495,1,
13497,1,
13498,0,
13500,1,
13503,0,
13504,1,
13505,0,
13509,1,
13511,1,
13512,1,
13513,1,
13517,1,
13518,0,
13520,1,
13522,1,
13524,1,
13525,1,
13528,0,
13529,0,
13530,1,
13532,1,
13534,0,
13537,1,
13538,1,
13539,1,
13540,1,
13544,1,
13545,0,
13548,1,
13549,1,
13551,1,
13552,1,
13554,1,
13555,1,
13557,1,
13558,1,
13562,1,
13563,1,
13567,1,
13568,1,
13569,1,
13571,1,
13572,1,
13574,0,
13575,1,
13578,0,
13579,1,
13580,1,
13584,1,
13586,1,
13587,0,
13589,1,
13593,1,
13595,1,
13596,1,
13599,1,
13600,0,
13604,0,
13605,1,
13606,1,
13607,1,
13609,1,
13610,1,
13612,1,
13613,1,
13615,1,
13618,1,
13623,1,
13627,1,
13628,1,
13630,0,
13631,1,
13632,0,
13633,0,
13635,1,
13637,1,
13640,1,
13642,1,
13643,0,
13645,1,
13650,1,
13657,1,
13658,1,
13660,1,
13662,1,
13664,1,
13670,0,
13674,1,
13676,1,
13678,1,
13682,1,
13686,1,
13691,1,
13692,1,
13694,1,
13695,0,
13696,1,
13698,1,
13699,0,
13700,1,
13701,1,
13703,1,
13704,1,
13705,1,
13707,1,
13711,1,
13713,1,
13715,1,
13720,1,
13721,1,
13722,0,
13723,0,
13729,0,
13730,0,
13732,1,
13733,1,
13735,1,
13736,1,
13739,1,
13740,1,
13742,1,
13746,1,
13752,1,
13754,1,
13755,1,
13756,1,
13757,0,
13760,1,
13761,1,
13763,1,
13768,1,
13771,1,
13775,1,
13777,1,
13778,1,
13780,1,
13781,1,
13782,1,
13783,0,
13784,1,
13785,1,
13790,1,
13792,0,
13794,0,
13795,1,
13796,1,
13800,1,
13801,1,
13802,1,
13805,1,
13806,1,
13808,1,
13812,1,
13813,1,
13816,1,
13817,1,
13818,0,
13819,1,
13820,1,
13821,1,
13823,1,
13825,1,
13827,1,
13828,1,
13829,1,
13832,1,
13837,0,
13839,1,
13840,1,
13843,0,
13846,1,
13848,1,
13850,0,
13853,1,
13856,1,
13857,1,
13860,1,
13861,1,
13871,1,
13875,1,
13881,0,
13882,1,
13884,1,
13886,1,
13887,0,
13888,1,
13890,0,
13894,1,
13895,1,
13896,1,
13902,1,
13905,1,
13908,0,
13912,1,
13914,1,
13915,1,
13916,1,
13919,1,
13921,1,
13923,1,
13924,1,
13925,0,
13926,1,
13928,1,
13929,1,
13931,1,
13932,0,
13934,1,
13935,0,
13936,0,
13938,0,
13943,0,
13944,0,
13946,1,
13948,1,
13949,1,
13950,1,
13951,1,
13952,1,
13953,1,
13954,1,
13955,1,
13958,1,
13960,1,
13962,1,
13964,1,
13965,1,
13966,1,
13968,1,
13973,0,
13975,0,
13978,1,
13980,1,
13984,1,
13996,1,
13997,0,
13998,1,
13999,0,
14000,1,
14004,1,
14005,1,
14007,0,
14009,1,
14010,1,
14011,1,
14014,1,
14015,1,
14016,1,
14018,1,
14019,1,
14023,1,
14024,0,
14025,1,
14026,1,
14027,1,
14028,0,
14033,1,
14035,1,
14038,1,
14039,1,
14040,0,
14041,1,
14045,1,
14046,1,
14047,1,
14048,1,
14051,0,
14054,1,
14056,1,
14058,1,
14063,1,
14065,1,
14071,0,
14074,1,
14077,1,
14078,1,
14079,0,
14080,1,
14081,1,
14082,0,
14083,1,
14084,1,
14087,1,
14096,1,
14097,0,
14098,0,
14099,0,
14100,1,
14101,1,
14106,1,
14107,0,
14109,1,
14111,1,
14115,1,
14116,1,
14118,1,
14121,1,
14125,1,
14127,1,
14129,1,
14130,1,
14132,1,
14134,1,
14135,1,
14137,1,
14138,1,
14140,1,
14142,1,
14145,0,
14148,1,
14149,1,
14150,1,
14151,0,
14154,1,
14158,1,
14159,1,
14160,1,
14161,1,
14164,1,
14166,1,
14170,1,
14171,1,
14172,1,
14173,0,
14174,1,
14175,1,
14177,1,
14180,1,
14182,1,
14183,0,
14184,0,
14185,1,
14188,0,
14190,0,
14191,1,
14192,1,
14194,1,
14197,1,
14198,1,
14200,0,
14203,1,
14204,0,
14205,1,
14208,1,
14210,1,
14212,1,
14213,1,
14215,1,
14216,1,
14221,1,
14224,1,
14226,1,
14227,1,
14228,1,
14229,0,
14232,1,
14236,1,
14241,1,
14243,1,
14244,1,
14249,1,
14251,1,
14253,1,
14254,1,
14255,1,
14256,1,
14258,1,
14261,1,
14262,1,
14266,1,
14268,0,
14269,1,
14271,1,
14276,1,
14277,1,
14281,1,
14282,1,
14285,1,
14286,1,
14287,1,
14289,1,
14290,1,
14291,0,
14292,0,
14294,0,
14295,1,
14296,1,
14299,1,
14301,0,
14304,1,
14305,1,
14306,1,
14308,1,
14309,1,
14310,1,
14312,1,
14315,0,
14316,1,
14318,1,
14320,0,
14326,1,
14327,0,
14332,1,
14333,1,
14334,1,
14342,0,
14343,1,
14344,1,
14347,1,
14350,1,
14352,1,
14354,0,
14355,1,
14356,1,
14357,1,
14358,0,
14359,0,
14363,1,
14364,1,
14365,1,
14368,0,
14369,0,
14370,0,
14371,0,
14376,1,
14379,1,
14381,0,
14383,1,
14386,1,
14388,1,
14390,0,
14391,1,
14392,1,
14394,1,
14397,0,
14399,1,
14400,1,
14403,1,
14405,1,
14406,0,
14407,0,
14408,1,
14413,1,
14414,1,
14415,1,
14416,1,
14417,1,
14418,1,
14419,1,
14420,1,
14421,1,
14422,1,
14424,1,
14426,1,
14430,1,
14431,1,
14434,1,
14437,1,
14438,1,
14439,1,
14440,1,
14442,0,
14444,1,
14447,1,
14450,1,
14452,1,
14457,1,
14460,1,
14465,1,
14466,0,
14470,1,
14472,1,
14474,1,
14476,1,
14477,1,
14478,1,
14479,1,
14482,1,
14484,1,
14488,1,
14491,1,
14492,1,
14495,0,
14501,1,
14503,1,
14505,1,
14506,1,
14509,1,
14513,1,
14514,1,
14519,1,
14520,1,
14521,1,
14522,1,
14526,1,
14528,1,
14531,1,
14532,1,
14534,0,
14536,1,
14539,1,
14540,1,
14543,1,
14544,1,
14545,1,
14548,1,
14549,1,
14550,1,
14551,1,
14556,1,
14558,1,
14560,1,
14565,1,
14567,0,
14568,1,
14570,0,
14571,1,
14572,1,
14573,1,
14577,1,
14578,1,
14580,1,
14581,1,
14582,1,
14584,1,
14587,1,
14591,1,
14592,1,
14594,1,
14595,1,
14597,1,
14598,1,
14602,1,
14603,1,
14608,1,
14609,1,
14610,1,
14611,1,
14612,0,
14616,1,
14617,1,
14621,1,
14622,1,
14628,1,
14630,0,
14632,1,
14634,1,
14637,1,
14639,0,
14644,1,
14645,1,
14646,1,
14647,0,
14650,1,
14651,1,
14653,1,
14654,1,
14656,1,
14659,1,
14660,0,
14661,1,
14662,1,
14665,0,
14667,1,
14669,1,
14674,1,
14675,1,
14676,1,
14677,1,
14679,1,
14685,0,
14686,0,
14687,1,
14688,1,
14690,1,
14692,1,
14693,1,
14694,1,
14695,1,
14696,1,
14698,1,
14700,1,
14701,1,
14702,1,
14703,1,
14705,1,
14706,1,
14709,1,
14712,1,
14717,1,
14719,1,
14720,1,
14721,1,
14723,1,
14726,1,
14727,1,
14728,1,
14729,1,
14730,1,
14732,0,
14733,1,
14741,1,
14742,0,
14745,1,
14746,0,
14750,1,
14751,1,
14754,1,
14756,1,
14759,0,
14761,1,
14762,1,
14763,1,
14764,1,
14767,1,
14769,1,
14772,0,
14774,0,
14778,0,
14779,1,
14782,0,
14783,1,
14785,1,
14786,1,
14787,1,
14789,1,
14791,1,
14792,1,
14795,1,
14797,1,
14799,1,
14803,1,
14804,1,
14805,1,
14812,1,
14816,0,
14818,1,
14820,0,
14821,1,
14822,1,
14823,1,
14824,1,
14825,1,
14827,1,
14828,1,
14834,1,
14835,1,
14836,1,
14839,1,
14840,1,
14841,1,
14843,0,
14845,1,
14846,1,
14847,1,
14848,0,
14854,1,
14856,1,
14859,1,
14860,1,
14861,1,
14864,1,
14865,0,
14866,1,
14868,0,
14869,1,
14871,1,
14872,1,
14873,1,
14876,1,
14877,1,
14879,1,
14880,1,
14883,0,
14885,0,
14886,0,
14887,1,
14891,1,
14894,1,
14895,1,
14897,1,
14898,1,
14899,1,
14900,1,
14903,1,
14904,1,
14909,1,
14911,1,
14912,0,
14916,1,
14922,1,
14924,1,
14928,1,
14938,1,
14940,1,
14941,0,
14943,0,
14945,1,
14946,0,
14948,1,
14949,1,
14954,1,
14955,1,
14957,1,
14958,1,
14961,1,
14962,1,
14963,1,
14964,1,
14965,1,
14967,1,
14969,1,
14971,1,
14972,1,
14974,0,
14975,1,
14976,1,
14978,0,
14979,1,
14981,0,
14982,1,
14985,1,
14986,1,
14988,1,
14989,0,
14990,0,
14991,1,
14992,1,
14993,0,
14994,0,
14996,1,
14998,1,
15000,1,
15002,0,
15003,1,
15004,1,
15009,1,
15015,1,
15016,0,
15018,1,
15020,1,
15021,1,
15026,1,
15028,1,
15029,1,
15030,1,
15031,1,
15032,1,
15034,1,
15035,1,
15042,1,
15044,1,
15049,1,
15052,1,
15057,1,
15059,1,
15060,1,
15061,1,
15063,1,
15066,1,
15067,1,
15068,1,
15069,1,
15070,1,
15071,1,
15074,0,
15076,1,
15077,1,
15080,1,
15084,1,
15085,1,
15086,1,
15087,1,
15088,0,
15090,1,
15091,0,
15093,0,
15099,1,
15101,1,
15102,1,
15103,1,
15104,1,
15105,0,
15108,1,
15110,0,
15112,1,
15113,1,
15114,1,
15115,1,
15116,1,
15117,1,
15118,1,
15120,1,
15122,1,
15123,1,
15124,1,
15127,1,
15131,0,
15132,1,
15133,1,
15135,1,
15138,1,
15142,1,
15145,1,
15146,0,
15147,1,
15148,0,
15150,1,
15152,1,
15155,1,
15156,1,
15157,1,
15158,0,
15159,0,
15161,1,
15162,1,
15165,1,
15166,1,
15168,0,
15169,0,
15171,1,
15172,0,
15173,1,
15174,1,
15176,1,
15177,1,
15180,1,
15181,0,
15182,1,
15186,1,
15188,1,
15189,1,
15190,1,
15191,1,
15192,1,
15193,1,
15194,1,
15196,0,
15199,1,
15200,1,
15203,1,
15207,0,
15211,0,
15213,0,
15214,1,
15215,1,
15216,1,
15218,1,
15219,0,
15225,0,
15228,1,
15230,0,
15231,1,
15232,1,
15234,1,
15238,1,
15239,0,
15243,1,
15247,1,
15249,1,
15250,1,
15251,1,
15254,1,
15258,1,
15259,1,
15262,1,
15263,1,
15265,1,
15278,1,
15283,1,
15285,0,
15286,1,
15287,1,
15288,0,
15289,1,
15291,0,
15293,0,
15296,1,
15299,1,
15301,1,
15302,1,
15303,1,
15304,1,
15305,0,
15306,1,
15308,1,
15309,1,
15312,1,
15313,1,
15317,1,
15318,0,
15319,1,
15320,1,
15323,1,
15326,0,
15328,1,
15331,1,
15333,1,
15337,0,
15339,1,
15340,1,
15341,1,
15343,1,
15344,1,
15345,0,
15349,1,
15350,1,
15351,0,
15354,1,
15358,1,
15359,0,
15363,1,
15364,1,
15366,0,
15367,0,
15368,1,
15369,0,
15370,1,
15371,1,
15373,0,
15375,1,
15383,1,
15386,0,
15387,1,
15390,1,
15392,1,
15393,0,
15394,1,
15398,1,
15399,1,
15401,1,
15403,1,
15405,1,
15407,1,
15408,1,
15409,1,
15412,0,
15415,1,
15422,1,
15423,1,
15424,1,
15425,0,
15432,1,
15433,1,
15434,1,
15435,1,
15437,1,
15438,1,
15439,1,
15440,1,
15441,1,
15442,1,
15445,1,
15446,1,
15447,1,
15451,1,
15452,1,
15453,1,
15456,1,
15458,1,
15464,0,
15468,0,
15473,1,
15474,1,
15475,1,
15476,1,
15477,1,
15480,1,
15481,1,
15482,1,
15483,1,
15485,1,
15486,1,
15487,0,
15489,1,
15492,1,
15493,1,
15494,0,
15495,1,
15497,1,
15501,0,
15503,1,
15504,1,
15509,1,
15513,0,
15517,1,
15518,1,
15519,0,
15520,1,
15521,1,
15525,1,
15526,1,
15531,1,
15533,1,
15535,1,
15540,0,
15544,1,
15546,1,
15550,1,
15551,1,
15553,1,
15555,1,
15556,1,
15557,1,
15558,1,
15559,1,
15562,1,
15563,1,
15564,1,
15565,0,
15566,1,
15567,1,
15568,1,
15570,1,
15571,0,
15572,1,
15575,0,
15582,1,
15583,1,
15589,1,
15590,0,
15591,1,
15595,0,
15599,1,
15601,1,
15602,1,
15607,1,
15608,1,
15610,1,
15611,0,
15614,1,
15620,1,
15621,0,
15622,1,
15625,1,
15626,1,
15628,1,
15629,1,
15633,0,
15634,1,
15640,1,
15643,1,
15644,1,
15647,1,
15650,1,
15651,1,
15652,1,
15657,1,
15658,0,
15659,1,
15660,0,
15669,1,
15672,1,
15674,1,
15677,1,
15683,1,
15685,1,
15686,1,
15688,1,
15690,0,
15695,1,
15696,0,
15698,1,
15702,1,
15704,0,
15705,1,
15707,1,
15708,1,
15709,1,
15712,0,
15714,1,
15716,1,
15717,0,
15721,1,
15723,1,
15726,1,
15729,1,
15730,0,
15731,1,
15732,1,
15733,1,
15734,1,
15735,1,
15737,0,
15740,1,
15741,1,
15746,0,
15748,1,
15750,1,
15751,0,
15752,1,
15753,0,
15754,1,
15755,0,
15756,1,
15757,1,
15758,1,
15760,1,
15761,0,
15763,1,
15764,0,
15765,1,
15766,1,
15767,1,
15768,1,
15770,1,
15771,1,
15772,1,
15773,0,
15774,1,
15775,0,
15777,1,
15779,0,
15780,1,
15782,1,
15784,1,
15790,1,
15792,1,
15793,0,
15796,0,
15797,1,
15799,0,
15800,1,
15810,1,
15811,1,
15812,1,
15813,1,
15815,0,
15817,0,
15820,1,
15821,1,
15825,1,
15826,1,
15829,1,
15832,1,
15834,0,
15835,0,
15836,1,
15837,0,
15838,1,
15842,1,
15843,0,
15847,1,
15848,1,
15850,1,
15852,1,
15853,1,
15854,1,
15856,1,
15859,1,
15860,0,
15862,1,
15863,1,
15864,1,
15865,1,
15866,1,
15867,1,
15868,0,
15870,1,
15872,0,
15873,0,
15875,0,
15878,1,
15880,1,
15881,1,
15882,1,
15884,1,
15885,1,
15886,1,
15887,1,
15889,0,
15893,1,
15894,1,
15895,1,
15900,1,
15901,0,
15904,1,
15905,1,
15907,1,
15908,1,
15910,1,
15913,0,
15915,1,
15920,0,
15921,1,
15922,1,
15924,1,
15927,1,
15928,1,
15929,1,
15932,1,
15933,1,
15935,0,
15937,0,
15938,1,
15940,1,
15941,1,
15942,1,
15951,1,
15952,1,
15953,1,
15954,1,
15955,1,
15956,1,
15957,1,
15958,1,
15959,1,
15960,1,
15961,0,
15962,1,
15963,1,
15964,0,
15965,1,
15966,1,
15967,1,
15969,1,
15974,1,
15975,1,
15983,0,
15985,1,
15988,1,
15991,0,
15994,0,
15995,1,
15996,0,
15997,1,
15999,1,
16000,1,
16002,1,
16007,1,
16009,0,
16010,0,
16012,0,
16014,1,
16017,0,
16019,0,
16022,1,
16024,1,
16026,0,
16027,1,
16029,1,
16030,0,
16032,1,
16034,1,
16035,1,
16038,1,
16039,1,
16040,1,
16041,0,
16043,1,
16044,0,
16045,1,
16047,1,
16048,1,
16050,1,
16051,1,
16053,1,
16054,1,
16055,1,
16056,1,
16060,1,
16062,1,
16065,0,
16071,1,
16073,1,
16076,1,
16079,1,
16080,1,
16081,1,
16082,1,
16084,0,
16085,1,
16086,1,
16087,1,
16090,1,
16092,1,
16093,0,
16094,1,
16095,0,
16097,0,
16098,1,
16099,0,
16100,0,
16101,1,
16102,0,
16105,1,
16107,0,
16109,1,
16111,0,
16113,1,
16117,1,
16118,1,
16121,1,
16122,1,
16123,0,
16124,1,
16126,1,
16128,1,
16129,1,
16130,1,
16132,0,
16133,1,
16135,1,
16139,1,
16140,1,
16141,1,
16144,1,
16146,1,
16147,1,
16148,1,
16149,1,
16150,1,
16156,1,
16157,1,
16158,1,
16159,1,
16160,0,
16163,1,
16166,1,
16167,1,
16168,0,
16170,1,
16173,1,
16174,1,
16176,0,
16177,1,
16180,1,
16181,1,
16182,1,
16183,1,
16184,0,
16185,1,
16188,0,
16189,1,
16191,1,
16194,1,
16196,1,
16198,0,
16201,1,
16202,0,
16203,1,
16204,1,
16208,0,
16211,1,
16213,1,
16219,1,
16222,1,
16223,1,
16224,1,
16225,1,
16226,1,
16228,1,
16229,1,
16232,0,
16234,0,
16235,1,
16238,0,
16240,1,
16241,1,
16243,1,
16244,1,
16245,1,
16246,1,
16247,1,
16248,1,
16250,0,
16251,1,
16256,1,
16260,1,
16261,0,
16265,1,
16268,1,
16270,0,
16271,1,
16272,1,
16276,1,
16278,1,
16282,1,
16285,0,
16286,1,
16290,1,
16292,1,
16293,1,
16294,1,
16296,0,
16298,1,
16299,1,
16301,1,
16311,0,
16312,1,
16315,1,
16316,1,
16322,1,
16326,1,
16329,1,
16330,0,
16331,1,
16334,0,
16335,1,
16337,0,
16338,1,
16340,1,
16341,1,
16342,1,
16343,1,
16347,1,
16349,1,
16353,1,
16354,1,
16355,1,
16359,1,
16364,1,
16365,1,
16366,1,
16370,1,
16372,1,
16373,0,
16377,1,
16378,1,
16379,1,
16381,1,
16382,0,
16383,0,
16384,1,
16385,1,
16386,1,
16390,0,
16391,1,
16392,1,
16395,1,
16399,1,
16400,1,
16401,1,
16404,1,
16405,1,
16406,1,
16408,1,
16415,1,
16416,1,
16417,1,
16419,1,
16421,1,
16423,0,
16424,0,
16425,1,
16427,0,
16428,1,
16430,0,
16432,1,
16433,1,
16440,1,
16441,1,
16442,1,
16443,1,
16447,0,
16449,1,
16450,1,
16452,1,
16453,1,
16456,0,
16458,1,
16461,0,
16464,0,
16466,1,
16469,1,
16470,1,
16471,1,
16474,1,
16476,1,
16477,1,
16478,0,
16480,0,
16481,1,
16485,1,
16489,1,
16490,1,
16491,1,
16497,1,
16499,1,
16500,0,
16501,0,
16503,1,
16504,1,
16506,1,
16509,1,
16510,1,
16511,1,
16512,1,
16513,1,
16514,1,
16515,0,
16520,1,
16521,1,
16523,1,
16524,1,
16527,1,
16530,1,
16531,1,
16532,1,
16536,1,
16537,1,
16542,1,
16543,1,
16546,1,
16548,1,
16550,1,
16551,1,
16553,0,
16554,1,
16555,1,
16557,1,
16560,0,
16561,0,
16562,1,
16563,1,
16566,1,
16567,1,
16571,0,
16577,1,
16578,1,
16579,1,
16581,1,
16582,1,
16585,1,
16586,1,
16593,0,
16594,1,
16596,1,
16599,1,
16600,1,
16602,0,
16603,0,
16606,1,
16607,0,
16611,1,
16612,1,
16613,1,
16616,1,
16617,0,
16622,1,
16628,0,
16629,1,
16630,1,
16638,1,
16639,0,
16640,1,
16643,1,
16647,1,
16651,1,
16655,1,
16656,1,
16657,1,
16659,1,
16663,1,
16666,1,
16669,1,
16670,0,
16671,1,
16674,1,
16675,1,
16677,1,
16679,1,
16681,1,
16683,1,
16684,1,
16685,1,
16686,1,
16687,1,
16690,1,
16691,1,
16694,1,
16695,0,
16696,1,
16697,1,
16699,0,
16700,1,
16703,1,
16704,0,
16705,0,
16706,1,
16710,1,
16711,1,
16713,1,
16717,1,
16719,0,
16720,1,
16721,1,
16722,1,
16723,1,
16724,0,
16725,0,
16727,1,
16728,1,
16729,1,
16732,1,
16734,1,
16736,1,
16738,1,
16739,1,
16740,1,
16741,1,
16744,1,
16751,0,
16752,1,
16754,0,
16755,1,
16758,1,
16759,1,
16760,1,
16764,1,
16766,1,
16767,1,
16769,1,
16770,1,
16771,1,
16772,1,
16773,1,
16774,1,
16775,1,
16777,1,
16779,1,
16780,1,
16781,1,
16782,1,
16788,1,
16790,0,
16792,1,
16795,1,
16797,0,
16798,1,
16799,0,
16802,1,
16803,0,
16808,0,
16811,1,
16813,1,
16814,1,
16815,1,
16816,1,
16817,1,
16818,0,
16819,0,
16820,1,
16822,1,
16823,0,
16827,1,
16831,0,
16833,1,
16835,1,
16836,1,
16837,1,
16838,0,
16840,1,
16841,1,
16842,1,
16843,1,
16845,1,
16846,0,
16847,0,
16849,1,
16852,1,
16855,1,
16856,1,
16857,1,
16859,1,
16863,1,
16864,0,
16866,1,
16870,1,
16871,1,
16872,0,
16877,0,
16880,1,
16881,1,
16883,1,
16884,1,
16886,0,
16887,1,
16888,1,
16890,0,
16892,1,
16893,0,
16894,1,
16895,1,
16896,1,
16898,1,
16900,1,
16903,1,
16907,1,
16910,1,
16911,1,
16913,1,
16916,0,
16917,1,
16921,0,
16922,1,
16924,0,
16925,1,
16929,1,
16931,1,
16932,0,
16933,0,
16934,1,
16935,1,
16936,1,
16937,0,
16941,1,
16942,1,
16948,1,
16952,0,
16954,1,
16955,1,
16956,1,
16957,1,
16960,1,
16961,0,
16963,1,
16965,1,
16968,1,
16969,1,
16972,1,
16973,1,
16976,1,
16977,1,
16978,1,
16990,1,
16991,1,
16992,1,
16993,1,
16994,1,
16996,1,
16997,1,
16998,1,
17000,1,
17001,1,
17004,1,
17005,1,
17006,1,
17008,0,
17010,0,
17014,1,
17017,1,
17019,0,
17022,1,
17024,0,
17026,0,
17027,1,
17028,1,
17030,0,
17032,0,
17033,1,
17034,1,
17035,1,
17036,0,
17040,1,
17042,0,
17043,1,
17045,1,
17046,0,
17047,0,
17048,1,
17050,0,
17052,1,
17053,1,
17054,1,
17058,1,
17062,1,
17065,1,
17066,1,
17067,1,
17069,1,
17070,0,
17071,1,
17072,1,
17074,0,
17079,1,
17084,0,
17087,1,
17088,1,
17090,1,
17093,1,
17095,1,
17098,1,
17099,1,
17101,1,
17102,1,
17104,1,
17108,1,
17109,1,
17110,1,
17113,1,
17114,1,
17119,0,
17121,0,
17123,1,
17124,1,
17130,1,
17131,1,
17132,1,
17134,0,
17135,1,
17136,1,
17137,0,
17138,1,
17139,0,
17140,1,
17143,1,
17144,1,
17145,0,
17146,1,
17147,0,
17148,1,
17154,1,
17155,0,
17156,1,
17157,0,
17159,1,
17161,1,
17164,1,
17167,1,
17169,1,
17171,1,
17174,1,
17175,0,
17177,0,
17179,1,
17180,1,
17182,1,
17184,1,
17185,1,
17191,1,
17192,1,
17194,1,
17198,1,
17200,0,
17201,1,
17203,1,
17207,0,
17208,1,
17212,1,
17213,0,
17215,1,
17216,1,
17217,1,
17218,0,
17220,1,
17223,1,
17227,1,
17230,1,
17231,0,
17233,0,
17234,1,
17235,0,
17236,1,
17239,0,
17240,1,
17242,1,
17243,0,
17245,1,
17251,1,
17253,1,
17257,1,
17258,1,
17264,1,
17267,1,
17271,1,
17272,0,
17275,1,
17276,1,
17277,1,
17278,1,
17279,1,
17280,1,
17282,1,
17283,1,
17284,1,
17286,0,
17287,1,
17294,1,
17295,1,
17296,0,
17297,1,
17301,0,
17309,1,
17311,1,
17312,1,
17313,1,
17314,0,
17315,1,
17317,1,
17319,1,
17321,0,
17324,0,
17325,1,
17326,1,
17327,1,
17328,0,
17329,1,
17332,0,
17334,1,
17335,1,
17337,1,
17340,0,
17341,1,
17343,1,
17345,1,
17346,0,
17350,1,
17354,0,
17361,0,
17362,1,
17363,1,
17364,1,
17366,1,
17367,1,
17368,1,
17374,1,
17375,1,
17377,1,
17380,1,
17381,1,
17382,1,
17383,1,
17384,0,
17385,1,
17388,1,
17395,0,
17397,1,
17401,1,
17402,1,
17403,0,
17404,1,
17405,0,
17407,1,
17408,1,
17411,1,
17412,1,
17414,0,
17415,1,
17416,1,
17419,1,
17422,1,
17425,1,
17426,1,
17431,1,
17432,0,
17437,0,
17439,0,
17440,1,
17441,1,
17442,1,
17443,1,
17446,1,
17447,1,
17448,1,
17449,1,
17452,1,
17454,1,
17455,1,
17457,0,
17458,1,
17459,0,
17464,1,
17465,1,
17466,1,
17469,1,
17470,1,
17473,1,
17476,1,
17477,1,
17478,1,
17480,1,
17481,1,
17482,0,
17483,1,
17487,1,
17488,1,
17489,1,
17490,1,
17492,0,
17493,1,
17494,1,
17495,1,
17496,1,
17498,1,
17499,1,
17500,1,
17501,1,
17503,0,
17505,1,
17508,1,
17510,1,
17511,1,
17512,1,
17513,1,
17514,1,
17515,1,
17516,1,
17517,1,
17522,0,
17523,0,
17524,1,
17526,0,
17527,1,
17530,1,
17531,1,
17533,1,
17534,1,
17535,1,
17536,0,
17537,1,
17538,1,
17539,1,
17540,1,
17541,1,
17544,1,
17545,0,
17546,0,
17547,1,
17548,0,
17549,0,
17551,1,
17552,1,
17553,1,
17554,1,
17555,1,
17556,1,
17558,1,
17563,0,
17564,1,
17568,1,
17569,1,
17570,1,
17572,0,
17573,1,
17577,0,
17578,0,
17583,1,
17589,0,
17590,1,
17591,1,
17593,1,
17594,1,
17595,1,
17598,0,
17599,0,
17601,0,
17603,1,
17605,1,
17609,0,
17612,1,
17613,0,
17618,1,
17619,1,
17620,1,
17623,0,
17624,1,
17628,1,
17629,1,
17632,1,
17633,1,
17634,1,
17636,0,
17637,1,
17638,0,
17639,1,
17640,1,
17644,1,
17645,1,
17646,1,
17647,1,
17648,0,
17649,1,
17650,1,
17653,1,
17657,1,
17658,0,
17659,1,
17662,1,
17663,0,
17664,1,
17665,1,
17666,1,
17667,1,
17671,1,
17673,1,
17675,1,
17676,1,
17677,0,
17681,0,
17685,1,
17687,1,
17688,1,
17690,0,
17694,1,
17695,1,
17697,1,
17699,1,
17700,1,
17702,1,
17703,0,
17707,1,
17709,1,
17710,1,
17711,0,
17713,1,
17715,0,
17716,1,
17717,1,
17718,1,
17725,1,
17727,1,
17729,1,
17730,1,
17731,1,
17734,1,
17735,1,
17736,1,
17742,0,
17743,1,
17744,1,
17749,1,
17750,1,
17753,0,
17755,0,
17756,1,
17761,0,
17762,1,
17763,0,
17767,1,
17770,1,
17771,1,
17772,1,
17774,0,
17776,1,
17779,0,
17783,0,
17786,1,
17788,1,
17790,1,
17792,1,
17793,1,
17794,1,
17795,1,
17796,1,
17800,1,
17803,1,
17804,1,
17805,1,
17806,1,
17809,1,
17810,1,
17811,1,
17814,1,
17815,1,
17816,1,
17817,1,
17818,1,
17821,0,
17826,1,
17828,1,
17831,0,
17833,0,
17835,1,
17836,1,
17840,1,
17843,1,
17845,1,
17846,1,
17847,1,
17848,0,
17851,1,
17852,1,
17853,1,
17854,1,
17855,0,
17857,1,
17859,1,
17860,1,
17861,1,
17862,0,
17864,1,
17865,1,
17867,0,
17870,0,
17871,0,
17873,1,
17876,1,
17879,0,
17880,1,
17882,1,
17883,1,
17887,1,
17889,1,
17890,1,
17891,1,
17893,1,
17894,1,
17895,1,
17897,1,
17902,1,
17903,0,
17904,0,
17907,1,
17908,0,
17909,1,
17911,1,
17913,1,
17919,1,
17920,1,
17921,0,
17923,1,
17925,1,
17926,1,
17931,1,
17933,1,
17934,1,
17937,0,
17941,1,
17944,0,
17945,1,
17947,1,
17948,1,
17951,1,
17955,1,
17957,1,
17958,1,
17961,1,
17962,1,
17964,0,
17967,1,
17969,0,
17972,1,
17974,1,
17976,1,
17977,1,
17980,0,
17981,1,
17982,0,
17983,1,
17986,1,
17987,1,
17988,1,
17990,1,
17991,1,
17994,0,
17996,1,
17999,1,
18000,1,
18001,1,
18004,0,
18005,1,
18006,1,
18008,0,
18009,1,
18010,1,
18011,1,
18012,0,
18017,1,
18019,1,
18020,0,
18023,1,
18024,1,
18026,1,
18029,0,
18035,1,
18036,1,
18037,0,
18038,1,
18040,1,
18041,1,
18042,0,
18043,1,
18044,1,
18045,1,
18047,1,
18051,0,
18053,1,
18055,0,
18057,1,
18059,0,
18061,0,
18062,1,
18063,1,
18064,1,
18066,1,
18068,0,
18070,1,
18076,1,
18077,1,
18078,1,
18079,0,
18080,1,
18081,0,
18082,1,
18089,1,
18090,0,
18091,0,
18094,1,
18095,1,
18097,1,
18100,1,
18101,1,
18103,0,
18105,1,
18107,1,
18108,1,
18109,1,
18110,1,
18111,1,
18112,1,
18113,1,
18116,1,
18117,1,
18118,1,
18122,1,
18125,1,
18126,1,
18127,1,
18130,1,
18134,1,
18135,1,
18137,1,
18138,1,
18140,1,
18142,1,
18143,1,
18144,0,
18145,1,
18148,1,
18149,1,
18153,1,
18154,0,
18155,0,
18159,0,
18163,0,
18164,0,
18166,1,
18169,1,
18170,0,
18172,1,
18173,1,
18174,1,
18175,1,
18177,0,
18180,0,
18182,0,
18183,1,
18186,1,
18189,1,
18190,1,
18191,1,
18192,0,
18194,0,
18196,1,
18197,1,
18199,1,
18200,1,
18204,1,
18205,0,
18207,1,
18211,1,
18212,1,
18213,1,
18214,1,
18215,0,
18216,1,
18218,1,
18220,1,
18222,0,
18230,1,
18231,1,
18232,1,
18233,1,
18234,1,
18238,1,
18239,0,
18241,1,
18242,1,
18243,1,
18244,1,
18245,1,
18246,1,
18247,0,
18252,1,
18253,1,
18254,1,
18260,1,
18263,1,
18265,1,
18268,1,
18270,1,
18272,1,
18275,1,
18276,1,
18277,0,
18283,0,
18284,1,
18286,1,
18287,1,
18288,0,
18289,1,
18291,1,
18293,1,
18296,1,
18297,1,
18298,0,
18300,1,
18301,1,
18302,1,
18303,1,
18306,1,
18309,1,
18310,1,
18311,1,
18312,1,
18315,1,
18317,0,
18318,1,
18319,1,
18320,0,
18321,1,
18323,1,
18326,1,
18330,0,
18333,1,
18339,1,
18340,1,
18342,1,
18343,1,
18344,0,
18348,1,
18351,1,
18354,1,
18355,1,
18357,0,
18358,1,
18365,1,
18366,1,
18367,1,
18369,1,
18370,1,
18372,0,
18373,1,
18374,1,
18375,1,
18377,1,
18382,1,
18383,1,
18384,1,
18387,0,
18389,1,
18391,1,
18393,1,
18394,1,
18396,0,
18402,1,
18406,1,
18407,0,
18408,1,
18412,0,
18413,0,
18416,1,
18419,1,
18424,1,
18426,0,
18427,0,
18428,1,
18429,1,
18433,1,
18435,0,
18440,1,
18444,1,
18445,1,
18446,1,
18447,1,
18449,1,
18451,1,
18452,1,
18455,1,
18456,1,
18457,0,
18460,0,
18466,0,
18473,1,
18476,1,
18479,1,
18480,1,
18481,1,
18482,1,
18483,1,
18485,1,
18490,1,
18495,1,
18496,1,
18497,1,
18498,1,
18502,1,
18506,1,
18512,0,
18515,0,
18516,1,
18518,1,
18520,0,
18521,0,
18522,1,
18523,1,
18524,0,
18525,0,
18527,1,
18528,1,
18529,1,
18531,0,
18533,1,
18534,1,
18535,1,
18540,1,
18544,1,
18545,1,
18546,1,
18548,1,
18551,1,
18553,1,
18554,1,
18557,1,
18560,1,
18563,0,
18567,0,
18572,0,
18573,0,
18575,0,
18581,1,
18586,1,
18590,1,
18591,0,
18593,1,
18598,1,
18602,0,
18605,0,
18607,1,
18608,1,
18614,1,
18615,0,
18616,0,
18619,1,
18620,1,
18621,1,
18623,1,
18624,1,
18625,0,
18626,1,
18627,1,
18631,1,
18633,1,
18635,1,
18641,1,
18642,1,
18644,1,
18646,1,
18649,0,
18650,0,
18651,1,
18652,1,
18654,1,
18656,1,
18657,1,
18658,0,
18659,1,
18661,0,
18664,1,
18665,0,
18669,1,
18670,1,
18671,0,
18672,0,
18673,1,
18674,1,
18676,1,
18678,1,
18680,1,
18687,0,
18688,1,
18689,0,
18695,1,
18696,1,
18697,1,
18698,1,
18702,1,
18703,0,
18705,0,
18706,1,
18708,1,
18711,1,
18712,1,
18713,1,
18715,1,
18716,1,
18718,0,
18721,1,
18726,1,
18727,1,
18728,0,
18733,1,
18741,0,
18744,1,
18745,1,
18747,1,
18748,1,
18757,1,
18759,1,
18761,1,
18762,1,
18763,0,
18764,1,
18768,1,
18769,1,
18775,1,
18780,1,
18782,1,
18783,1,
18787,0,
18788,1,
18789,1,
18790,1,
18792,1,
18793,0,
18794,1,
18795,0,
18797,1,
18800,1,
18802,1,
18804,1,
18806,1,
18807,0,
18808,1,
18809,0,
18810,1,
18812,1,
18814,0,
18816,1,
18817,1,
18818,1,
18820,1,
18827,1,
18828,1,
18829,1,
18832,1,
18840,1,
18841,1,
18846,1,
18848,1,
18850,1,
18851,1,
18852,0,
18856,1,
18858,1,
18859,1,
18860,1,
18862,1,
18863,1,
18864,1,
18865,1,
18868,0,
18871,0,
18873,1,
18874,1,
18875,1,
18879,0,
18883,1,
18884,1,
18885,0,
18888,1,
18889,1,
18892,1,
18894,1,
18896,1,
18899,1,
18900,1,
18901,0,
18902,0,
18903,1,
18904,1,
18905,1,
18906,1,
18907,1,
18908,0,
18917,1,
18920,1,
18921,1,
18922,1,
18923,1,
18925,1,
18926,1,
18927,1,
18928,1,
18930,1,
18931,1,
18932,1,
18934,1,
18935,1,
18936,1,
18938,0,
18940,1,
18942,1,
18945,1,
18949,1,
18951,1,
18952,1,
18957,1,
18961,1,
18963,1,
18964,1,
18965,0,
18966,1,
18968,0,
18969,1,
18974,1,
18977,1,
18980,1,
18981,1,
18982,1,
18984,1,
18986,0,
18988,1,
18989,1,
18990,1,
18991,1,
18993,0,
18994,1,
18996,1,
18997,0,
19000,1,
19002,1,
19003,1,
19006,0,
19010,0,
19011,1,
19012,1,
19013,1,
19015,1,
19016,1,
19017,1,
19018,1,
19019,0,
19020,1,
19021,1,
19023,1,
19025,0,
19028,1,
19029,1,
19032,1,
19034,1,
19035,0,
19037,1,
19038,1,
19041,0,
19044,0,
19045,1,
19047,0,
19048,1,
19050,1,
19051,1,
19053,1,
19055,1,
19057,1,
19059,1,
19060,1,
19061,1,
19064,0,
19065,1,
19067,1,
19068,1,
19069,1,
19070,1,
19072,1,
19073,1,
19075,1,
19077,1,
19079,0,
19080,0,
19081,1,
19082,1,
19083,1,
19086,0,
19087,1,
19089,1,
19098,1,
19099,1,
19102,1,
19106,1,
19107,1,
19109,1,
19113,0,
19117,1,
19121,1,
19124,0,
19126,1,
19129,1,
19131,0,
19133,1,
19135,1,
19137,1,
19138,1,
19140,1,
19142,1,
19143,0,
19146,1,
19148,0,
19149,0,
19150,1,
19151,1,
19153,1,
19156,1,
19157,1,
19158,1,
19159,1,
19164,1,
19165,1,
19169,1,
19172,1,
19173,0,
19174,1,
19176,1,
19177,1,
19178,1,
19179,1,
19180,0,
19182,1,
19184,1,
19186,0,
19187,0,
19188,1,
19190,1,
19194,1,
19197,1,
19198,1,
19200,1,
19201,1,
19202,1,
19204,1,
19205,0,
19206,1,
19208,1,
19210,1,
19212,1,
19213,1,
19216,1,
19217,1,
19218,1,
19219,1,
19220,1,
19222,1,
19227,1,
19229,0,
19230,0,
19234,1,
19236,1,
19238,1,
19240,1,
19241,1,
19244,0,
19245,1,
19246,0,
19249,1,
19250,0,
19251,1,
19253,1,
19258,1,
19259,1,
19261,1,
19262,0,
19263,0,
19264,1,
19266,0,
19267,1,
19269,1,
19271,1,
19272,1,
19274,0,
19278,1,
19282,0,
19283,1,
19285,1,
19286,1,
19287,1,
19289,1,
19290,1,
19292,0,
19294,1,
19296,0,
19301,1,
19302,1,
19309,1,
19310,0,
19314,1,
19316,1,
19317,1,
19318,1,
19319,1,
19320,1,
19324,1,
19325,1,
19326,1,
19328,1,
19329,0,
19331,1,
19332,0,
19334,1,
19349,1,
19352,1,
19357,1,
19360,1,
19361,1,
19363,1,
19365,1,
19366,0,
19369,1,
19370,0,
19371,1,
19372,1,
19376,1,
19377,1,
19378,1,
19381,1,
19386,0,
19387,1,
19389,1,
19392,1,
19394,1,
19398,1,
19399,1,
19400,1,
19401,1,
19402,1,
19403,1,
19406,1,
19408,1,
19409,1,
19410,1,
19411,1,
19415,1,
19416,0,
19417,0,
19419,1,
19420,1,
19421,1,
19422,0,
19425,1,
19429,1,
19430,1,
19432,1,
19434,0,
19435,1,
19437,0,
19442,0,
19443,1,
19444,1,
19446,1,
19447,1,
19449,0,
19454,1,
19455,1,
19456,1,
19462,1,
19465,0,
19466,1,
19467,0,
19468,1,
19471,1,
19474,1,
19477,0,
19478,1,
19479,1,
19480,0,
19482,1,
19483,0,
19486,1,
19488,1,
19491,1,
19494,1,
19496,1,
19503,1,
19504,0,
19508,0,
19511,1,
19512,1,
19514,0,
19515,1,
19516,1,
19518,1,
19520,1,
19522,1,
19523,1,
19524,1,
19525,1,
19526,1,
19527,1,
19528,1,
19529,1,
19530,1,
19531,0,
19532,0,
19533,1,
19535,1,
19537,1,
19538,1,
19540,1,
19543,1,
19545,0,
19547,1,
19548,1,
19550,1,
19552,0,
19555,0,
19556,0,
19560,0,
19561,0,
19562,1,
19568,1,
19569,1,
19571,1,
19573,1,
19574,1,
19575,1,
19576,1,
19579,1,
19584,1,
19585,1,
19586,0,
19590,1,
19591,1,
19592,0,
19593,1,
19594,1,
19596,1,
19598,0,
19600,1,
19604,0,
19606,1,
19609,1,
19610,1,
19612,1,
19614,0,
19616,1,
19620,1,
19621,1,
19622,1,
19624,1,
19626,1,
19629,1,
19630,1,
19631,1,
19634,1,
19635,1,
19636,1,
19639,1,
19640,1,
19641,1,
19642,1,
19643,0,
19647,1,
19649,1,
19650,1,
19652,1,
19654,1,
19657,1,
19659,1,
19662,1,
19665,1,
19667,1,
19668,0,
19671,1,
19672,1,
19675,1,
19676,1,
19681,1,
19682,1,
19684,1,
19685,0,
19686,1,
19687,1,
19691,1,
19692,1,
19696,0,
19700,1,
19702,1,
19704,1,
19708,0,
19709,1,
19710,0,
19711,1,
19712,1,
19714,0,
19716,1,
19720,1,
19724,1,
19729,1,
19731,1,
19733,1,
19734,1,
19736,1,
19741,1,
19742,1,
19743,1,
19744,1,
19745,1,
19747,0,
19749,1,
19750,1,
19753,1,
19754,1,
19755,1,
19756,1,
19757,1,
19760,1,
19762,1,
19763,1,
19765,1,
19766,1,
19769,0,
19773,1,
19775,0,
19778,0,
19782,1,
19783,1,
19787,1,
19791,1,
19792,1,
19793,1,
19795,1,
19798,1,
19801,1,
19804,1,
19806,1,
19812,1,
19814,1,
19817,0,
19820,1,
19821,1,
19822,1,
19823,1,
19824,0,
19826,0,
19827,1,
19828,1,
19829,1,
19831,1,
19832,1,
19833,1,
19836,1,
19838,0,
19844,1,
19848,1,
19852,1,
19854,1,
19855,0,
19856,1,
19858,0,
19859,1,
19862,1,
19863,1,
19864,0,
19865,1,
19867,1,
19868,1,
19871,1,
19872,1,
19873,1,
19875,0,
19877,1,
19878,1,
19879,1,
19883,1,
19884,1,
19885,1,
19890,0,
19895,1,
19897,0,
19901,1,
19902,1,
19903,1,
19907,0,
19908,1,
19909,1,
19910,1,
19911,0,
19917,1,
19918,1,
19920,0,
19921,1,
19922,0,
19923,0,
19925,1,
19936,1,
19940,1,
19941,1,
19943,0,
19944,1,
19948,0,
19949,1,
19951,1,
19954,1,
19956,1,
19957,1,
19959,1,
19961,1,
19962,1,
19964,1,
19965,1,
19966,1,
19967,0,
19970,0,
19971,1,
19973,0,
19975,1,
19977,1,
19980,1,
19982,1,
19989,1,
19990,1,
19991,0,
19993,1,
19994,1,
19997,1,
19998,1,
20000,1,
20001,1,
20004,1,
20009,1,
20012,1,
20014,1,
20015,1,
20016,1,
20017,1,
20018,1,
20019,1,
20020,1,
20023,1,
20025,0,
20027,0,
20029,1,
20030,1,
20031,0,
20032,1,
20033,1,
20037,1,
20040,1,
20041,1,
20044,1,
20046,1,
20047,1,
20051,0,
20052,1,
20055,1,
20056,1,
20058,0,
20060,1,
20061,1,
20062,1,
20063,1,
20065,0,
20066,1,
20068,0,
20071,1,
20072,1,
20076,1,
20079,0,
20082,0,
20083,1,
20084,1,
20085,0,
20090,1,
20091,1,
20098,1,
20099,1,
20100,1,
20102,1,
20105,1,
20106,1,
20107,0,
20108,0,
20112,1,
20117,1,
20119,1,
20120,1,
20121,1,
20122,1,
20123,1,
20124,1,
20125,0,
20126,1,
20127,1,
20128,1,
20129,0,
20130,1,
20133,1,
20135,1,
20137,1,
20138,1,
20139,1,
20140,0,
20141,1,
20142,1,
20143,1,
20144,0,
20145,1,
20148,1,
20151,1,
20155,1,
20156,1,
20157,1,
20158,0,
20160,1,
20162,1,
20163,1,
20164,1,
20166,1,
20168,1,
20169,1,
20172,1,
20173,1,
20176,1,
20177,1,
20178,1,
20179,1,
20182,0,
20185,1,
20186,1,
20187,1,
20188,0,
20189,0,
20190,1,
20192,0,
20198,1,
20201,1,
20204,0,
20206,1,
20207,1,
20210,0,
20212,1,
20213,1,
20214,1,
20216,1,
20218,1,
20219,0,
20220,0,
20221,1,
20223,0,
20228,1,
20229,1,
20230,1,
20234,0,
20236,1,
20237,0,
20238,1,
20242,1,
20243,1,
20246,1,
20247,0,
20248,1,
20253,1,
20254,1,
20256,1,
20257,0,
20258,1,
20260,1,
20262,1,
20264,1,
20266,0,
20269,1,
20270,1,
20271,0,
20273,0,
20274,1,
20277,1,
20278,0,
20281,1,
20282,1,
20283,1,
20284,1,
20285,1,
20286,0,
20288,1,
20290,1,
20291,1,
20293,0,
20294,1,
20295,0,
20299,1,
20304,1,
20310,0,
20311,1,
20313,0,
20314,1,
20315,0,
20317,0,
20321,1,
20322,1,
20323,0,
20324,0,
20327,1,
20328,1,
20329,1,
20331,1,
20335,1,
20337,0,
20341,1,
20347,0,
20354,1,
20355,1,
20357,1,
20358,1,
20360,1,
20361,0,
20363,1,
20364,1,
20366,0,
20367,1,
20368,1,
20371,1,
20373,1,
20374,1,
20375,1,
20376,1,
20378,1,
20379,1,
20380,1,
20382,1,
20383,1,
20386,1,
20387,1,
20388,1,
20389,1,
20390,1,
20395,0,
20396,1,
20398,1,
20402,1,
20404,1,
20406,1,
20410,0,
20411,0,
20412,1,
20420,0,
20422,1,
20424,0,
20425,0,
20426,1,
20427,1,
20429,1,
20430,1,
20431,1,
20432,1,
20433,0,
20438,1,
20439,1,
20440,1,
20441,1,
20442,1,
20446,1,
20447,1,
20449,1,
20450,0,
20452,1,
20458,1,
20460,0,
20465,1,
20470,1,
20475,0,
20476,1,
20477,0,
20480,1,
20481,1,
20482,1,
20486,1,
20487,1,
20488,1,
20489,1,
20490,1,
20491,1,
20495,1,
20500,1,
20506,1,
20509,1,
20510,0,
20512,0,
20513,0,
20514,1,
20516,1,
20517,1,
20518,0,
20519,1,
20522,1,
20523,1,
20525,0,
20526,1,
20528,1,
20529,1,
20530,1,
20534,1,
20535,1,
20536,1,
20538,0,
20539,1,
20540,1,
20541,1,
20543,1,
20544,0,
20548,1,
20549,1,
20552,1,
20554,1,
20556,1,
20557,1,
20558,0,
20564,1,
20565,1,
20566,0,
20570,1,
20573,1,
20574,1,
20577,1,
20578,1,
20580,1,
20582,1,
20583,1,
20585,1,
20586,0,
20590,1,
20591,1,
20593,0,
20595,1,
20597,0,
20598,0,
20603,1,
20604,1,
20605,1,
20606,1,
20607,1,
20610,1,
20613,1,
20614,1,
20615,1,
20616,1,
20618,1,
20619,0,
20628,0,
20630,1,
20635,1,
20636,0,
20637,1,
20643,1,
20647,1,
20648,1,
20649,1,
20650,1,
20652,1,
20654,1,
20655,1,
20656,1,
20657,1,
20658,1,
20660,1,
20663,1,
20664,1,
20665,0,
20666,0,
20667,1,
20673,1,
20675,1,
20676,1,
20677,1,
20679,0,
20680,1,
20681,1,
20683,1,
20685,1,
20686,1,
20687,1,
20690,1,
20693,1,
20694,0,
20695,1,
20696,1,
20698,0,
20699,1,
20703,1,
20708,1,
20709,1,
20714,0,
20715,1,
20716,0,
20717,1,
20719,1,
20720,1,
20722,1,
20724,1,
20725,1,
20726,1,
20728,1,
20729,1,
20731,0,
20732,0,
20733,1,
20734,1,
20735,1,
20737,1,
20738,1,
20740,1,
20742,1,
20743,1,
20744,0,
20745,1,
20746,1,
20749,1,
20751,1,
20752,1,
20753,0,
20754,1,
20755,1,
20756,0,
20757,1,
20759,0,
20762,1,
20763,1,
20764,1,
20766,1,
20767,1,
20771,1,
20773,1,
20774,1,
20775,1,
20777,1,
20779,0,
20781,1,
20782,1,
20783,1,
20784,1,
20785,1,
20787,1,
20788,1,
20790,0,
20791,1,
20792,1,
20794,0,
20797,0,
20798,1,
20799,1,
20803,1,
20804,0,
20805,1,
20807,1,
20808,1,
20813,1,
20814,1,
20817,1,
20818,1,
20819,1,
20821,1,
20824,1,
20825,1,
20829,1,
20831,0,
20832,1,
20833,0,
20834,1,
20835,0,
20837,1,
20838,1,
20839,1,
20840,0,
20842,1,
20844,1,
20845,1,
20846,1,
20851,1,
20852,0,
20854,1,
20857,1,
20864,1,
20865,1,
20866,1,
20868,1,
20869,1,
20873,0,
20875,1,
20876,1,
20877,0,
20879,0,
20880,0,
20881,1,
20883,1,
20884,1,
20885,0,
20887,1,
20891,1,
20892,1,
20894,0,
20896,1,
20897,1,
20898,1,
20902,0,
20904,0,
20905,1,
20907,1,
20908,1,
20909,1,
20911,1,
20912,1,
20914,1,
20915,1,
20916,1,
20917,1,
20920,1,
20921,1,
20922,1,
20923,1,
20925,0,
20926,1,
20928,1,
20930,1,
20934,1,
20935,1,
20936,1,
20941,1,
20943,1,
20944,1,
20946,0,
20948,1,
20949,0,
20952,1,
20953,1,
20955,1,
20956,1,
20957,1,
20958,1,
20959,0,
20962,1,
20965,1,
20966,1,
20968,1,
20969,1,
20970,1,
20975,0,
20977,1,
20980,1,
20981,1,
20982,1,
20983,1,
20986,1,
20987,0,
20989,0,
20990,0,
20991,1,
20993,0,
20994,1,
20995,1,
20996,0,
20999,1,
21001,1,
21004,1,
21005,1,
21006,1,
21008,1,
21010,1,
21018,1,
21024,1,
21025,1,
21027,1,
21028,0,
21031,0,
21032,1,
21033,1,
21034,0,
21039,1,
21040,1,
21043,1,
21044,1,
21048,1,
21049,0,
21052,1,
21054,1,
21056,1,
21057,1,
21059,1,
21064,1,
21066,1,
21068,1,
21070,1,
21071,1,
21074,1,
21075,1,
21077,1,
21080,1,
21082,1,
21083,1,
21084,1,
21085,1,
21086,0,
21087,1,
21088,1,
21091,1,
21092,0,
21096,1,
21098,1,
21103,1,
21104,1,
21105,1,
21107,1,
21112,1,
21113,1,
21114,0,
21119,1,
21121,1,
21122,1,
21124,1,
21131,1,
21132,0,
21133,1,
21134,1,
21142,1,
21143,0,
21149,1,
21151,1,
21153,1,
21156,1,
21157,0,
21158,1,
21160,1,
21161,1,
21162,1,
21163,1,
21164,0,
21165,1,
21169,1,
21170,1,
21171,1,
21173,0,
21175,0,
21176,1,
21179,1,
21180,1,
21182,0,
21183,1,
21188,0,
21189,1,
21191,1,
21193,0,
21194,1,
21198,0,
21199,1,
21202,1,
21203,0,
21204,1,
21205,1,
21206,1,
21207,1,
21208,0,
21210,1,
21211,1,
21214,1,
21216,1,
21219,1,
21220,1,
21222,1,
21223,1,
21224,1,
21227,1,
21229,1,
21231,0,
21232,1,
21235,1,
21236,1,
21237,0,
21239,1,
21241,1,
21243,0,
21245,1,
21246,1,
21247,1,
21249,1,
21251,1,
21252,1,
21253,1,
21257,0,
21259,1,
21261,1,
21262,0,
21267,1,
21270,0,
21271,0,
21273,1,
21275,1,
21278,1,
21279,1,
21280,1,
21281,0,
21282,1,
21283,1,
21285,1,
21287,0,
21289,1,
21290,1,
21291,1,
21293,1,
21294,1,
21297,1,
21298,1,
21299,0,
21301,1,
21302,1,
21305,0,
21306,1,
21307,0,
21313,1,
21316,0,
21317,1,
21320,1,
21321,0,
21323,1,
21325,1,
21326,1,
21336,1,
21339,1,
21341,1,
21342,1,
21345,1,
21346,1,
21347,0,
21348,0,
21349,1,
21350,1,
21351,1,
21356,1,
21359,1,
21363,0,
21364,1,
21365,1,
21366,0,
21367,1,
21368,1,
21369,1,
21374,1,
21376,1,
21377,1,
21378,1,
21379,1,
21380,1,
21381,0,
21384,0,
21385,1,
21387,1,
21389,1,
21390,1,
21391,1,
21398,1,
21399,0,
21400,0,
21402,1,
21403,1,
21405,1,
21407,1,
21408,1,
21409,1,
21413,1,
21418,1,
21421,1,
21427,0,
21428,1,
21430,0,
21431,1,
21432,0,
21433,1,
21435,0,
21437,1,
21439,1,
21440,1,
21441,1,
21444,1,
21445,1,
21446,0,
21450,1,
21464,1,
21465,1,
21467,1,
21468,1,
21471,0,
21472,1,
21473,0,
21475,1,
21476,1,
21477,1,
21478,1,
21480,1,
21481,1,
21482,1,
21487,1,
21488,1,
21489,1,
21490,1,
21491,1,
21492,1,
21499,1,
21500,1,
21501,1,
21506,1,
21507,1,
21510,1,
21512,1,
21515,0,
21519,0,
21521,0,
21522,1,
21524,1,
21525,1,
21528,1,
21529,1,
21531,1,
21533,1,
21534,1,
21536,0,
21537,1,
21540,0,
21545,1,
21547,1,
21548,1,
21549,1,
21552,1,
21554,1,
21555,1,
21556,0,
21557,1,
21558,1,
21559,1,
21560,1,
21561,1,
21564,1,
21567,0,
21568,1,
21569,1,
21570,1,
21578,0,
21580,1,
21581,1,
21583,1,
21586,1,
21588,1,
21589,1,
21590,1,
21592,1,
21595,1,
21602,0,
21603,0,
21606,0,
21609,1,
21610,1,
21611,1,
21613,0,
21614,1,
21616,1,
21617,1,
21619,0,
21620,0,
21621,1,
21623,1,
21628,1,
21630,0,
21632,1,
21633,1,
21637,0,
21638,1,
21639,1,
21648,1,
21651,1,
21653,1,
21655,0,
21656,1,
21657,1,
21659,1,
21660,1,
21663,1,
21665,1,
21671,0,
21672,1,
21674,1,
21676,1,
21678,0,
21681,1,
21682,1,
21683,1,
21684,0,
21686,0,
21687,1,
21691,1,
21693,1,
21694,1,
21699,1,
21702,1,
21703,0,
21704,1,
21707,0,
21710,1,
21712,0,
21716,1,
21717,1,
21719,1,
21721,1,
21724,1,
21726,1,
21728,1,
21729,0,
21730,0,
21731,1,
21732,1,
21733,1,
21735,1,
21736,1,
21737,1,
21739,0,
21741,1,
21742,1,
21744,1,
21745,1,
21746,1,
21747,1,
21749,1,
21750,1,
21753,1,
21759,1,
21762,1,
21763,1,
21765,0,
21770,1,
21771,0,
21772,0,
21776,1,
21777,1,
21778,1,
21779,1,
21780,0,
21781,0,
21784,0,
21785,1,
21786,1,
21788,1,
21794,1,
21797,1,
21799,1,
21813,1,
21820,1,
21821,1,
21822,1,
21823,1,
21824,1,
21825,1,
21827,1,
21828,1,
21829,1,
21831,0,
21834,0,
21835,1,
21842,1,
21845,0,
21846,0,
21847,1,
21848,0,
21849,0,
21853,1,
21854,1,
21855,1,
21856,0,
21857,1,
21859,0,
21862,1,
21864,1,
21865,1,
21867,0,
21872,1,
21873,1,
21874,1,
21876,1,
21879,1,
21880,1,
21881,1,
21882,1,
21883,1,
21884,1,
21888,1,
21892,1,
21896,1,
21899,1,
21901,1,
21902,1,
21905,0,
21906,1,
21908,1,
21909,0,
21910,0,
21912,1,
21913,1,
21916,1,
21917,1,
21923,1,
21925,0,
21926,1,
21928,1,
21933,1,
21934,1,
21935,1,
21936,1,
21937,1,
21939,1,
21940,1,
21944,1,
21945,1,
21946,1,
21947,0,
21955,1,
21958,1,
21959,1,
21960,1,
21962,1,
21963,1,
21965,1,
21966,1,
21967,1,
21969,1,
21970,1,
21976,1,
21977,1,
21978,1,
21979,1,
21980,1,
21981,1,
21985,0,
21986,1,
21987,1,
21988,1,
21990,1,
21991,1,
21994,1,
21998,1,
22007,1,
22010,1,
22013,1,
22014,1,
22015,0,
22017,1,
22019,1,
22020,0,
22023,1,
22029,1,
22030,1,
22033,1,
22036,0,
22048,1,
22049,0,
22050,1,
22052,1,
22053,1,
22054,1,
22057,0,
22059,1,
22060,1,
22061,1,
22065,1,
22066,1,
22067,0,
22070,1,
22075,1,
22076,1,
22078,0,
22079,1,
22082,1,
22086,0,
22089,0,
22090,0,
22096,1,
22098,0,
22100,1,
22104,1,
22105,1,
22106,1,
22108,1,
22109,1,
22110,0,
22115,1,
22117,0,
22124,0,
22125,0,
22127,1,
22129,0,
22130,1,
22133,1,
22136,1,
22138,0,
22139,1,
22142,1,
22143,1,
22144,0,
22148,1,
22149,0,
22150,1,
22151,1,
22155,1,
22159,0,
22160,1,
22161,1,
22162,1,
22163,1,
22165,1,
22167,1,
22168,1,
22171,1,
22178,0,
22180,1,
22181,1,
22182,1,
22183,1,
22186,1,
22188,1,
22190,1,
22191,1,
22192,1,
22193,0,
22194,1,
22195,1,
22198,0,
22199,1,
22205,0,
22210,1,
22211,0,
22215,1,
22219,0,
22222,1,
22225,1,
22226,1,
22227,1,
22229,0,
22231,1,
22232,1,
22237,1,
22240,1,
22246,0,
22248,0,
22251,1,
22253,1,
22256,1,
22257,1,
22261,1,
22262,1,
22263,1,
22267,1,
22268,1,
22270,1,
22271,1,
22272,1,
22273,1,
22276,1,
22277,1,
22278,1,
22279,1,
22284,1,
22285,1,
22286,1,
22288,1,
22292,0,
22293,1,
22295,0,
22297,1,
22299,1,
22300,1,
22302,1,
22303,1,
22304,1,
22306,1,
22307,0,
22308,1,
22309,1,
22310,0,
22314,1,
22315,0,
22316,0,
22318,1,
22321,1,
22323,1,
22326,1,
22327,1,
22329,1,
22331,1,
22332,1,
22333,0,
22334,1,
22335,1,
22338,1,
22339,1,
22342,0,
22343,1,
22345,1,
22346,1,
22347,1,
22349,0,
22352,1,
22353,1,
22354,1,
22355,0,
22356,0,
22358,1,
22359,0,
22361,1,
22362,1,
22363,0,
22365,1,
22366,1,
22368,1,
22369,0,
22370,0,
22371,0,
22374,1,
22375,1,
22377,0,
22378,0,
22379,1,
22381,1,
22383,1,
22384,1,
22385,0,
22389,1,
22392,1,
22393,1,
22395,0,
22398,1,
22399,0,
22400,0,
22401,1,
22403,1,
22407,1,
22409,1,
22411,1,
22412,1,
22414,1,
22417,0,
22418,1,
22419,1,
22422,1,
22424,1,
22425,1,
22428,1,
22429,1,
22432,0,
22433,0,
22434,0,
22439,1,
22441,0,
22442,0,
22445,1,
22447,1,
22452,0,
22453,1,
22454,1,
22455,1,
22457,1,
22458,0,
22459,1,
22460,1,
22461,1,
22466,1,
22467,1,
22469,1,
22470,1,
22471,1,
22474,1,
22475,1,
22477,0,
22481,1,
22483,1,
22484,0,
22486,0,
22487,0,
22490,1,
22493,1,
22494,1,
22495,1,
22499,1,
22501,1,
22502,1,
22503,1,
22505,1,
22508,1,
22510,1,
22513,1,
22515,1,
22519,1,
22520,1,
22523,1,
22525,1,
22526,0,
22527,1,
22530,1,
22531,1,
22532,1,
22533,1,
22534,0,
22536,1,
22537,0,
22539,1,
22540,1,
22541,1,
22542,1,
22545,1,
22546,1,
22547,1,
22548,0,
22551,1,
22558,1,
22559,1,
22562,0,
22565,1,
22566,1,
22568,1,
22570,1,
22571,1,
22575,1,
22577,1,
22579,1,
22580,1,
22582,1,
22584,0,
22585,1,
22586,1,
22588,1,
22590,1,
22592,0,
22593,0,
22594,1,
22595,1,
22596,1,
22597,1,
22599,0,
22603,0,
22607,1,
22609,1,
22612,1,
22614,1,
22615,1,
22618,1,
22619,1,
22620,1,
22622,1,
22623,0,
22624,0,
22627,1,
22628,1,
22631,1,
22632,1,
22633,0,
22635,1,
22637,0,
22638,1,
22641,1,
22643,0,
22644,1,
22646,0,
22648,1,
22650,1,
22654,1,
22655,1,
22656,1,
22657,0,
22658,1,
22659,1,
22660,1,
22661,1,
22662,1,
22663,1,
22665,1,
22667,1,
22668,1,
22669,1,
22670,1,
22672,0,
22673,1,
22674,0,
22676,1,
22677,0,
22678,1,
22679,1,
22683,0,
22684,0,
22687,1,
22689,1,
22691,1,
22692,1,
22696,1,
22699,1,
22700,1,
22701,1,
22703,0,
22704,1,
22705,1,
22706,1,
22707,1,
22708,1,
22710,1,
22711,1,
22714,1,
22716,0,
22719,1,
22720,1,
22721,0,
22724,1,
22725,1,
22727,1,
22728,1,
22729,0,
22730,1,
22731,1,
22732,0,
22733,1,
22736,1,
22738,1,
22741,1,
22742,1,
22743,0,
22744,0,
22746,0,
22748,1,
22750,1,
22753,1,
22754,1,
22756,1,
22758,1,
22759,1,
22761,0,
22763,0,
22765,0,
22766,1,
22767,0,
22768,1,
22769,0,
22770,1,
22771,1,
22773,1,
22774,1,
22778,1,
22782,0,
22784,1,
22785,1,
22787,0,
22788,1,
22789,0,
22790,1,
22793,1,
22797,1,
22800,1,
22802,1,
22805,1,
22807,0,
22808,1,
22809,0,
22811,1,
22813,0,
22814,1,
22815,1,
22818,0,
22824,1,
22827,1,
22829,1,
22833,1,
22836,1,
22840,0,
22843,0,
22844,1,
22845,1,
22846,1,
22849,1,
22852,1,
22853,1,
22855,1,
22856,1,
22859,1,
22860,1,
22861,1,
22862,1,
22863,1,
22864,1,
22865,0,
22867,1,
22868,0,
22869,1,
22870,1,
22871,1,
22875,1,
22876,1,
22877,1,
22880,1,
22883,1,
22884,0,
22885,1,
22886,0,
22887,0,
22892,1,
22893,0,
22894,1,
22895,1,
22896,1,
22899,1,
22901,1,
22902,0,
22904,1,
22907,0,
22910,1,
22913,1,
22916,1,
22918,1,
22922,1,
22923,1,
22924,1,
22926,1,
22929,1,
22934,1,
22936,1,
22937,1,
22938,0,
22939,0,
22940,0,
22941,1,
22942,0,
22945,0,
22946,1,
22948,1,
22952,1,
22953,1,
22954,1,
22955,1,
22956,1,
22958,0,
22962,1,
22964,1,
22965,1,
22969,1,
22972,0,
22974,1,
22978,1,
22982,1,
22983,1,
22985,0,
22992,1,
13001,1,
13003,1,
13004,1,
13005,1,
13007,1,
13008,1,
13010,1,
13012,1,
13013,1,
13014,0,
13016,1,
13021,1,
13027,1,
13028,0,
13030,1,
13034,1,
13035,0,
13038,0,
13041,1,
13042,1,
13044,1,
13045,1,
13046,1,
13047,0,
13050,1,
13053,1,
13054,1,
13055,1,
13057,1,
13058,1,
13059,0,
13063,1,
13064,1,
13065,1,
13066,1,
13069,1,
13071,1,
13072,1,
13073,0,
13074,1,
13075,0,
13076,0,
13078,1,
13079,1,
13081,1,
13086,1,
13087,0,
13089,1,
13090,1,
13091,1,
13092,1,
13093,1,
13098,0,
13099,1,
13104,1,
13105,1,
13106,1,
13108,1,
13109,1,
13111,1,
13112,1,
13114,1,
13115,1,
13118,1,
13119,0,
13120,0,
13122,1,
13123,1,
13124,1,
13128,1,
13129,0,
13130,0,
13136,1,
13138,1,
13143,0,
13145,0,
13147,1,
13148,1,
13149,1,
13151,1,
13153,1,
13154,1,
13155,1,
13158,1,
13164,1,
13165,1,
13167,1,
13171,1,
13173,0,
13177,0,
13179,1,
13181,0,
13182,1,
13183,1,
13187,1,
13192,1,
13194,1,
13197,1,
13199,1,
13200,1,
13201,1,
13205,1,
13216,1,
13220,1,
13223,1,
13227,0,
13228,1,
13229,0,
13230,0,
13231,1,
13232,1,
13235,1,
13240,1,
13243,1,
13244,1,
13248,1,
13252,1,
13253,1,
13254,0,
13255,1,
13257,1,
13261,1,
13262,1,
13263,1,
13264,0,
13265,1,
13266,1,
13267,0,
13269,1,
13270,1,
13273,1,
13277,1,
13282,1,
13285,1,
13287,1,
13288,1,
13289,1,
13290,0,
13291,0,
13293,1,
13295,1,
13296,1,
13297,1,
13298,1,
13299,0,
13301,1,
13302,1,
13303,0,
13305,0,
13306,1,
13312,0,
13314,0,
13316,1,
13317,1,
13321,1,
13324,1,
13325,0,
13328,1,
13329,0,
13330,0,
13332,1,
13334,1,
13336,0,
13337,1,
13339,1,
13340,1,
13343,0,
13345,0,
13346,1,
13347,1,
13353,0,
13359,1,
13362,1,
13363,1,
13366,0,
13368,0,
13369,1,
13373,1,
13377,1,
13381,1,
13386,1,
13387,1,
13388,1,
13390,0,
13395,1,
13396,1,
13397,1,
13400,1,
13401,1,
13402,1,
13408,1,
13409,1,
13410,0,
13412,1,
13414,1,
13415,0,
13417,1,
13421,1,
13422,1,
13423,1,
13424,1,
13426,0,
13427,1,
13428,1,
13429,1,
13432,1,
13433,1,
13434,1,
13435,1,
13436,0,
13438,1,
13439,1,
13440,1,
13441,1,
13442,1,
13443,1,
13445,1,
13446,1,
13447,1,
13453,0,
13455,1,
13456,1,
13457,1,
13458,1,
13463,1,
13464,1,
13465,1,
13466,0,
13467,1,
13469,1,
13471,1,
13472,0,
13476,1,
13477,1,
13480,1,
13482,1,
13483,1,
13485,0,
13489,1,
13492,1,
13493,1,
13494,1,
13496,1,
13499,0,
13501,1,
13502,1,
13506,1,
13507,1,
13508,1,
13510,0,
13514,1,
13515,1,
13516,1,
13519,0,
13521,1,
13523,1,
13526,1,
13527,1,
13531,1,
13533,1,
13535,1,
13536,0,
13541,1,
13542,1,
13543,1,
13546,1,
13547,1,
13550,1,
13553,1,
13556,1,
13559,1,
13560,1,
13561,1,
13564,0,
13565,1,
13566,0,
13570,0,
13573,1,
13576,0,
13577,1,
13581,1,
13582,1,
13583,0,
13585,1,
13588,0,
13590,1,
13591,1,
13592,1,
13594,0,
13597,1,
13598,1,
13601,1,
13602,0,
13603,1,
13608,1,
13611,1,
13614,1,
13616,1,
13617,1,
13619,1,
13620,1,
13621,0,
13622,1,
13624,1,
13625,0,
13626,1,
13629,0,
13634,1,
13636,1,
13638,1,
13639,1,
13641,0,
13644,0,
13646,1,
13647,1,
13648,1,
13649,1,
13651,1,
13652,0,
13653,1,
13654,1,
13655,1,
13656,1,
13659,1,
13661,1,
13663,1,
13665,1,
13666,1,
13667,1,
13668,1,
13669,1,
13671,1,
13672,1,
13673,1,
13675,1,
13677,1,
13679,1,
13680,1,
13681,1,
13683,1,
13684,1,
13685,1,
13687,1,
13688,1,
13689,1,
13690,1,
13693,1,
13697,1,
13702,1,
13706,1,
13708,1,
13709,1,
13710,0,
13712,1,
13714,1,
13716,0,
13717,1,
13718,1,
13719,0,
13724,0,
13725,0,
13726,1,
13727,0,
13728,1,
13731,1,
13734,1,
13737,1,
13738,1,
13741,0,
13743,1,
13744,0,
13745,1,
13747,1,
13748,0,
13749,1,
13750,1,
13751,1,
13753,1,
13758,1,
13759,1,
13762,0,
13764,1,
13765,1,
13766,1,
13767,1,
13769,1,
13770,1,
13772,1,
13773,1,
13774,1,
13776,1,
13779,1,
13786,1,
13787,1,
13788,1,
13789,1,
13791,0,
13793,1,
13797,1,
13798,1,
13799,1,
13803,0,
13804,1,
13807,1,
13809,1,
13810,0,
13811,1,
13814,1,
13815,1,
13822,1,
13824,1,
13826,0,
13830,0,
13831,0,
13833,1,
13834,1,
13835,1,
13836,1,
13838,1,
13841,0,
13842,0,
13844,1,
13845,1,
13847,1,
13849,1,
13851,1,
13852,1,
13854,1,
13855,1,
13858,1,
13859,1,
13862,1,
13863,1,
13864,1,
13865,1,
13866,1,
13867,1,
13868,1,
13869,1,
13870,1,
13872,0,
13873,1,
13874,1,
13876,1,
13877,0,
13878,0,
13879,1,
13880,1,
13883,1,
13885,1,
13889,1,
13891,1,
13892,0,
13893,1,
13897,1,
13898,0,
13899,1,
13900,1,
13901,1,
13903,0,
13904,1,
13906,1,
13907,1,
13909,1,
13910,1,
13911,1,
13913,1,
13917,1,
13918,1,
13920,1,
13922,0,
13927,1,
13930,1,
13933,0,
13937,0,
13939,1,
13940,1,
13941,1,
13942,0,
13945,1,
13947,0,
13956,1,
13957,1,
13959,1,
13961,1,
13963,0,
13967,0,
13969,0,
13970,1,
13971,1,
13972,1,
13974,1,
13976,0,
13977,1,
13979,1,
13981,0,
13982,1,
13983,0,
13985,1,
13986,0,
13987,1,
13988,1,
13989,1,
13990,1,
13991,1,
13992,1,
13993,1,
13994,0,
13995,1,
14001,1,
14002,1,
14003,0,
14006,1,
14008,0,
14012,0,
14013,1,
14017,1,
14020,1,
14021,0,
14022,1,
14029,1,
14030,1,
14031,1,
14032,0,
14034,1,
14036,1,
14037,1,
14042,1,
14043,0,
14044,0,
14049,1,
14050,0,
14052,1,
14053,1,
14055,1,
14057,1,
14059,1,
14060,1,
14061,1,
14062,1,
14064,1,
14066,1,
14067,1,
14068,1,
14069,1,
14070,1,
14072,0,
14073,1,
14075,1,
14076,1,
14085,1,
14086,1,
14088,0,
14089,0,
14090,1,
14091,1,
14092,0,
14093,1,
14094,1,
14095,1,
14102,1,
14103,0,
14104,0,
14105,0,
14108,1,
14110,0,
14112,1,
14113,1,
14114,1,
14117,1,
14119,1,
14120,1,
14122,1,
14123,1,
14124,1,
14126,1,
14128,1,
14131,1,
14133,1,
14136,1,
14139,1,
14141,0,
14143,1,
14144,1,
14146,1,
14147,1,
14152,0,
14153,1,
14155,1,
14156,1,
14157,1,
14162,1,
14163,1,
14165,1,
14167,0,
14168,1,
14169,1,
14176,0,
14178,1,
14179,0,
14181,1,
14186,1,
14187,1,
14189,1,
14193,0,
14195,1,
14196,1,
14199,1,
14201,0,
14202,1,
14206,0,
14207,0,
14209,1,
14211,0,
14214,1,
14217,1,
14218,0,
14219,1,
14220,0,
14222,1,
14223,0,
14225,1,
14230,1,
14231,1,
14233,1,
14234,1,
14235,1,
14237,0,
14238,0,
14239,0,
14240,0,
14242,0,
14245,0,
14246,1,
14247,1,
14248,0,
14250,1,
14252,1,
14257,1,
14259,1,
14260,1,
14263,1,
14264,1,
14265,0,
14267,1,
14270,1,
14272,1,
14273,1,
14274,1,
14275,1,
14278,1,
14279,1,
14280,1,
14283,1,
14284,1,
14288,1,
14293,0,
14297,1,
14298,1,
14300,1,
14302,0,
14303,0,
14307,1,
14311,1,
14313,1,
14314,1,
14317,0,
14319,1,
14321,1,
14322,0,
14323,0,
14324,1,
14325,1,
14328,1,
14329,1,
14330,0,
14331,1,
14335,1,
14336,1,
14337,1,
14338,1,
14339,0,
14340,1,
14341,0,
14345,1,
14346,1,
14348,1,
14349,1,
14351,1,
14353,1,
14360,1,
14361,1,
14362,1,
14366,0,
14367,1,
14372,1,
14373,1,
14374,1,
14375,0,
14377,1,
14378,1,
14380,1,
14382,1,
14384,1,
14385,0,
14387,0,
14389,0,
14393,1,
14395,1,
14396,1,
14398,1,
14401,1,
14402,1,
14404,1,
14409,0,
14410,1,
14411,1,
14412,1,
14423,0,
14425,1,
14427,1,
14428,1,
14429,1,
14432,1,
14433,0,
14435,0,
14436,0,
14441,1,
14443,0,
14445,1,
14446,1,
14448,0,
14449,1,
14451,1,
14453,1,
14454,0,
14455,1,
14456,1,
14458,1,
14459,1,
14461,1,
14462,0,
14463,1,
14464,0,
14467,1,
14468,1,
14469,1,
14471,0,
14473,0,
14475,1,
14480,0,
14481,1,
14483,1,
14485,1,
14486,1,
14487,1,
14489,1,
14490,1,
14493,1,
14494,1,
14496,1,
14497,0,
14498,1,
14499,1,
14500,1,
14502,1,
14504,1,
14507,1,
14508,0,
14510,1,
14511,1,
14512,1,
14515,1,
14516,1,
14517,1,
14518,1,
14523,0,
14524,1,
14525,0,
14527,1,
14529,0,
14530,1,
14533,1,
14535,0,
14537,0,
14538,1,
14541,0,
14542,1,
14546,0,
14547,1,
14552,1,
14553,1,
14554,1,
14555,1,
14557,1,
14559,1,
14561,1,
14562,1,
14563,1,
14564,1,
14566,1,
14569,1,
14574,1,
14575,0,
14576,1,
14579,1,
14583,1,
14585,1,
14586,1,
14588,1,
14589,1,
14590,1,
14593,1,
14596,0,
14599,1,
14600,1,
14601,1,
14604,1,
14605,1,
14606,1,
14607,1,
14613,1,
14614,1,
14615,0,
14618,1,
14619,1,
14620,1,
14623,1,
14624,1,
14625,1,
14626,1,
14627,1,
14629,1,
14631,0,
14633,1,
14635,1,
14636,1,
14638,1,
14640,0,
14641,0,
14642,1,
14643,1,
14648,1,
14649,1,
14652,1,
14655,1,
14657,0,
14658,1,
14663,1,
14664,0,
14666,1,
14668,1,
14670,1,
14671,1,
14672,1,
14673,1,
14678,1,
14680,1,
14681,1,
14682,0,
14683,1,
14684,0,
14689,1,
14691,1,
14697,1,
14699,1,
14704,1,
14707,1,
14708,1,
14710,1,
14711,0,
14713,1,
14714,1,
14715,1,
14716,1,
14718,1,
14722,1,
14724,1,
14725,0,
14731,1,
14734,1,
14735,0,
14736,1,
14737,1,
14738,1,
14739,1,
14740,1,
14743,1,
14744,1,
14747,1,
14748,1,
14749,1,
14752,1,
14753,1,
14755,1,
14757,1,
14758,0,
14760,1,
14765,0,
14766,0,
14768,0,
14770,1,
14771,0,
14773,1,
14775,1,
14776,1,
14777,1,
14780,0,
14781,1,
14784,1,
14788,1,
14790,0,
14793,1,
14794,1,
14796,0,
14798,1,
14800,1,
14801,0,
14802,1,
14806,1,
14807,1,
14808,1,
14809,1,
14810,1,
14811,1,
14813,1,
14814,1,
14815,1,
14817,1,
14819,1,
14826,0,
14829,1,
14830,1,
14831,1,
14832,1,
14833,0,
14837,1,
14838,1,
14842,1,
14844,1,
14849,1,
14850,1,
14851,1,
14852,1,
14853,1,
14855,1,
14857,1,
14858,0,
14862,0,
14863,1,
14867,1,
14870,1,
14874,1,
14875,1,
14878,1,
14881,1,
14882,1,
14884,1,
14888,1,
14889,1,
14890,1,
14892,1,
14893,1,
14896,1,
14901,1,
14902,1,
14905,0,
14906,1,
14907,1,
14908,1,
14910,1,
14913,1,
14914,1,
14915,0,
14917,1,
14918,1,
14919,1,
14920,1,
14921,1,
14923,1,
14925,1,
14926,1,
14927,0,
14929,1,
14930,1,
14931,1,
14932,1,
14933,1,
14934,0,
14935,1,
14936,0,
14937,1,
14939,1,
14942,1,
14944,1,
14947,1,
14950,1,
14951,0,
14952,1,
14953,0,
14956,1,
14959,0,
14960,1,
14966,1,
14968,0,
14970,1,
14973,1,
14977,1,
14980,1,
14983,1,
14984,1,
14987,1,
14995,0,
14997,1,
14999,1,
15001,1,
15005,0,
15006,1,
15007,1,
15008,0,
15010,0,
15011,0,
15012,1,
15013,1,
15014,1,
15017,1,
15019,1,
15022,0,
15023,1,
15024,1,
15025,0,
15027,1,
15033,1,
15036,1,
15037,1,
15038,1,
15039,1,
15040,1,
15041,1,
15043,1,
15045,0,
15046,0,
15047,1,
15048,1,
15050,1,
15051,1,
15053,0,
15054,1,
15055,1,
15056,1,
15058,1,
15062,0,
15064,1,
15065,1,
15072,1,
15073,1,
15075,0,
15078,1,
15079,1,
15081,1,
15082,1,
15083,1,
15089,1,
15092,0,
15094,0,
15095,1,
15096,1,
15097,1,
15098,1,
15100,0,
15106,0,
15107,1,
15109,1,
15111,1,
15119,1,
15121,0,
15125,1,
15126,1,
15128,1,
15129,1,
15130,1,
15134,1,
15136,1,
15137,1,
15139,1,
15140,0,
15141,1,
15143,1,
15144,0,
15149,0,
15151,1,
15153,0,
15154,0,
15160,1,
15163,0,
15164,1,
15167,0,
15170,1,
15175,1,
15178,1,
15179,1,
15183,1,
15184,1,
15185,1,
15187,0,
15195,1,
15197,1,
15198,1,
15201,0,
15202,1,
15204,1,
15205,1,
15206,1,
15208,0,
15209,1,
15210,1,
15212,1,
15217,1,
15220,1,
15221,1,
15222,1,
15223,1,
15224,1,
15226,1,
15227,1,
15229,1,
15233,0,
15235,1,
15236,1,
15237,1,
15240,0,
15241,1,
15242,1,
15244,0,
15245,1,
15246,1,
15248,1,
15252,1,
15253,1,
15255,1,
15256,1,
15257,1,
15260,1,
15261,1,
15264,1,
15266,1,
15267,1,
15268,1,
15269,0,
15270,0,
15271,1,
15272,1,
15273,0,
15274,1,
15275,1,
15276,1,
15277,1,
15279,1,
15280,1,
15281,1,
15282,1,
15284,1,
15290,0,
15292,1,
15294,1,
15295,1,
15297,1,
15298,1,
15300,1,
15307,1,
15310,1,
15311,1,
15314,1,
15315,1,
15316,1,
15321,1,
15322,1,
15324,1,
15325,1,
15327,1,
15329,1,
15330,1,
15332,0,
15334,0,
15335,1,
15336,1,
15338,1,
15342,0,
15346,1,
15347,1,
15348,1,
15352,1,
15353,1,
15355,0,
15356,1,
15357,1,
15360,1,
15361,1,
15362,1,
15365,1,
15372,1,
15374,1,
15376,1,
15377,1,
15378,1,
15379,1,
15380,1,
15381,1,
15382,1,
15384,1,
15385,1,
15388,1,
15389,1,
15391,0,
15395,1,
15396,1,
15397,1,
15400,1,
15402,0,
15404,0,
15406,0,
15410,0,
15411,1,
15413,1,
15414,0,
15416,1,
15417,1,
15418,0,
15419,1,
15420,1,
15421,1,
15426,1,
15427,1,
15428,0,
15429,1,
15430,1,
15431,0,
15436,0,
15443,0,
15444,0,
15448,1,
15449,1,
15450,0,
15454,0,
15455,0,
15457,1,
15459,1,
15460,1,
15461,1,
15462,1,
15463,1,
15465,1,
15466,1,
15467,0,
15469,1,
15470,1,
15471,0,
15472,1,
15478,1,
15479,1,
15484,1,
15488,1,
15490,1,
15491,0,
15496,1,
15498,0,
15499,1,
15500,0,
15502,0,
15505,1,
15506,1,
15507,1,
15508,0,
15510,1,
15511,1,
15512,1,
15514,1,
15515,1,
15516,1,
15522,0,
15523,1,
15524,1,
15527,0,
15528,0,
15529,1,
15530,0,
15532,0,
15534,0,
15536,1,
15537,1,
15538,1,
15539,1,
15541,0,
15542,1,
15543,1,
15545,1,
15547,0,
15548,0,
15549,0,
15552,0,
15554,1,
15560,1,
15561,1,
15569,0,
15573,1,
15574,1,
15576,1,
15577,1,
15578,1,
15579,1,
15580,1,
15581,1,
15584,1,
15585,1,
15586,1,
15587,0,
15588,1,
15592,1,
15593,1,
15594,1,
15596,0,
15597,1,
15598,1,
15600,1,
15603,1,
15604,1,
15605,1,
15606,1,
15609,1,
15612,1,
15613,1,
15615,1,
15616,1,
15617,1,
15618,1,
15619,1,
15623,0,
15624,1,
15627,1,
15630,0,
15631,1,
15632,1,
15635,1,
15636,1,
15637,1,
15638,1,
15639,1,
15641,1,
15642,1,
15645,1,
15646,1,
15648,1,
15649,1,
15653,0,
15654,1,
15655,0,
15656,1,
15661,1,
15662,1,
15663,1,
15664,1,
15665,1,
15666,1,
15667,1,
15668,1,
15670,1,
15671,1,
15673,1,
15675,1,
15676,0,
15678,1,
15679,0,
15680,1,
15681,0,
15682,1,
15684,1,
15687,1,
15689,1,
15691,0,
15692,1,
15693,0,
15694,1,
15697,1,
15699,1,
15700,0,
15701,1,
15703,1,
15706,0,
15710,1,
15711,1,
15713,1,
15715,0,
15718,1,
15719,1,
15720,1,
15722,1,
15724,0,
15725,1,
15727,1,
15728,1,
15736,1,
15738,1,
15739,1,
15742,1,
15743,1,
15744,1,
15745,1,
15747,1,
15749,1,
15759,1,
15762,0,
15769,1,
15776,1,
15778,1,
15781,0,
15783,0,
15785,1,
15786,1,
15787,1,
15788,1,
15789,1,
15791,0,
15794,1,
15795,1,
15798,1,
15801,1,
15802,0,
15803,1,
15804,1,
15805,0,
15806,1,
15807,1,
15808,1,
15809,1,
15814,1,
15816,1,
15818,1,
15819,1,
15822,1,
15823,1,
15824,1,
15827,1,
15828,1,
15830,1,
15831,0,
15833,1,
15839,1,
15840,0,
15841,1,
15844,0,
15845,1,
15846,1,
15849,1,
15851,1,
15855,0,
15857,0,
15858,1,
15861,1,
15869,1,
15871,1,
15874,1,
15876,1,
15877,0,
15879,0,
15883,1,
15888,0,
15890,0,
15891,1,
15892,1,
15896,1,
15897,1,
15898,1,
15899,1,
15902,1,
15903,1,
15906,1,
15909,1,
15911,1,
15912,1,
15914,1,
15916,0,
15917,1,
15918,1,
15919,1,
15923,0,
15925,1,
15926,1,
15930,1,
15931,1,
15934,1,
15936,1,
15939,1,
15943,1,
15944,1,
15945,1,
15946,1,
15947,0,
15948,1,
15949,1,
15950,1,
15968,1,
15970,1,
15971,1,
15972,1,
15973,1,
15976,1,
15977,1,
15978,1,
15979,1,
15980,1,
15981,1,
15982,1,
15984,0,
15986,1,
15987,1,
15989,1,
15990,1,
15992,1,
15993,1,
15998,0,
16001,1,
16003,1,
16004,0,
16005,1,
16006,1,
16008,1,
16011,1,
16013,1,
16015,0,
16016,1,
16018,1,
16020,0,
16021,1,
16023,1,
16025,1,
16028,1,
16031,1,
16033,1,
16036,1,
16037,1,
16042,0,
16046,0,
16049,1,
16052,1,
16057,1,
16058,1,
16059,1,
16061,0,
16063,1,
16064,1,
16066,0,
16067,1,
16068,1,
16069,1,
16070,0,
16072,1,
16074,0,
16075,1,
16077,1,
16078,0,
16083,1,
16088,1,
16089,1,
16091,1,
16096,1,
16103,1,
16104,1,
16106,1,
16108,1,
16110,0,
16112,1,
16114,1,
16115,1,
16116,1,
16119,1,
16120,1,
16125,1,
16127,1,
16131,1,
16134,1,
16136,0,
16137,0,
16138,0,
16142,0,
16143,1,
16145,1,
16151,1,
16152,1,
16153,1,
16154,1,
16155,0,
16161,1,
16162,0,
16164,1,
16165,1,
16169,1,
16171,1,
16172,1,
16175,1,
16178,1,
16179,0,
16186,1,
16187,1,
16190,1,
16192,1,
16193,1,
16195,0,
16197,1,
16199,0,
16200,1,
16205,1,
16206,0,
16207,1,
16209,0,
16210,1,
16212,0,
16214,1,
16215,1,
16216,1,
16217,1,
16218,0,
16220,1,
16221,1,
16227,1,
16230,1,
16231,1,
16233,1,
16236,1,
16237,1,
16239,1,
16242,1,
16249,1,
16252,1,
16253,0,
16254,1,
16255,1,
16257,1,
16258,1,
16259,1,
16262,1,
16263,1,
16264,1,
16266,1,
16267,0,
16269,1,
16273,1,
16274,1,
16275,1,
16277,1,
16279,1,
16280,1,
16281,1,
16283,1,
16284,1,
16287,1,
16288,1,
16289,1,
16291,1,
16295,1,
16297,1,
16300,1,
16302,0,
16303,1,
16304,1,
16305,0,
16306,1,
16307,1,
16308,1,
16309,1,
16310,1,
16313,1,
16314,1,
16317,1,
16318,0,
16319,1,
16320,1,
16321,0,
16323,1,
16324,1,
16325,0,
16327,0,
16328,0,
16332,0,
16333,0,
16336,1,
16339,1,
16344,1,
16345,1,
16346,1,
16348,1,
16350,1,
16351,1,
16352,1,
16356,1,
16357,1,
16358,1,
16360,1,
16361,1,
16362,1,
16363,1,
16367,1,
16368,1,
16369,1,
16371,1,
16374,1,
16375,1,
16376,1,
16380,1,
16387,0,
16388,1,
16389,1,
16393,1,
16394,0,
16396,1,
16397,1,
16398,1,
16402,1,
16403,1,
16407,1,
16409,1,
16410,1,
16411,1,
16412,1,
16413,1,
16414,1,
16418,1,
16420,1,
16422,1,
16426,1,
16429,1,
16431,0,
16434,0,
16435,0,
16436,1,
16437,1,
16438,1,
16439,1,
16444,1,
16445,0,
16446,1,
16448,1,
16451,1,
16454,1,
16455,1,
16457,0,
16459,0,
16460,1,
16462,0,
16463,1,
16465,1,
16467,0,
16468,1,
16472,0,
16473,0,
16475,1,
16479,1,
16482,1,
16483,0,
16484,0,
16486,1,
16487,1,
16488,0,
16492,1,
16493,1,
16494,1,
16495,0,
16496,0,
16498,1,
16502,1,
16505,0,
16507,1,
16508,1,
16516,1,
16517,1,
16518,1,
16519,1,
16522,1,
16525,1,
16526,1,
16528,1,
16529,1,
16533,0,
16534,1,
16535,1,
16538,1,
16539,1,
16540,0,
16541,1,
16544,1,
16545,1,
16547,1,
16549,1,
16552,1,
16556,0,
16558,1,
16559,0,
16564,1,
16565,0,
16568,1,
16569,0,
16570,1,
16572,1,
16573,1,
16574,0,
16575,1,
16576,1,
16580,1,
16583,1,
16584,1,
16587,1,
16588,1,
16589,0,
16590,1,
16591,0,
16592,1,
16595,0,
16597,1,
16598,0,
16601,1,
16604,1,
16605,1,
16608,1,
16609,1,
16610,1,
16614,1,
16615,1,
16618,1,
16619,1,
16620,1,
16621,1,
16623,0,
16624,1,
16625,1,
16626,1,
16627,1,
16631,1,
16632,1,
16633,1,
16634,1,
16635,1,
16636,0,
16637,1,
16641,1,
16642,1,
16644,1,
16645,1,
16646,0,
16648,1,
16649,1,
16650,0,
16652,1,
16653,1,
16654,0,
16658,1,
16660,1,
16661,0,
16662,1,
16664,0,
16665,1,
16667,1,
16668,0,
16672,1,
16673,1,
16676,1,
16678,1,
16680,1,
16682,1,
16688,0,
16689,1,
16692,1,
16693,1,
16698,1,
16701,1,
16702,1,
16707,0,
16708,1,
16709,1,
16712,1,
16714,1,
16715,1,
16716,1,
16718,1,
16726,1,
16730,1,
16731,0,
16733,1,
16735,1,
16737,0,
16742,1,
16743,1,
16745,1,
16746,0,
16747,1,
16748,0,
16749,1,
16750,1,
16753,1,
16756,1,
16757,1,
16761,1,
16762,1,
16763,1,
16765,1,
16768,1,
16776,1,
16778,1,
16783,1,
16784,0,
16785,1,
16786,1,
16787,1,
16789,0,
16791,1,
16793,1,
16794,1,
16796,0,
16800,1,
16801,1,
16804,1,
16805,1,
16806,1,
16807,0,
16809,1,
16810,1,
16812,1,
16821,0,
16824,1,
16825,0,
16826,1,
16828,0,
16829,1,
16830,0,
16832,1,
16834,1,
16839,1,
16844,1,
16848,0,
16850,1,
16851,1,
16853,1,
16854,1,
16858,1,
16860,1,
16861,1,
16862,1,
16865,1,
16867,1,
16868,1,
16869,1,
16873,1,
16874,1,
16875,1,
16876,1,
16878,1,
16879,1,
16882,1,
16885,1,
16889,1,
16891,1,
16897,1,
16899,1,
16901,1,
16902,1,
16904,1,
16905,0,
16906,1,
16908,0,
16909,1,
16912,1,
16914,1,
16915,1,
16918,1,
16919,1,
16920,0,
16923,1,
16926,1,
16927,1,
16928,1,
16930,1,
16938,1,
16939,1,
16940,0,
16943,1,
16944,1,
16945,0,
16946,1,
16947,1,
16949,1,
16950,1,
16951,0,
16953,1,
16958,0,
16959,1,
16962,1,
16964,0,
16966,1,
16967,1,
16970,1,
16971,1,
16974,1,
16975,1,
16979,1,
16980,0,
16981,0,
16982,1,
16983,1,
16984,1,
16985,1,
16986,1,
16987,0,
16988,1,
16989,1,
16995,1,
16999,1,
17002,1,
17003,1,
17007,1,
17009,0,
17011,1,
17012,1,
17013,1,
17015,1,
17016,0,
17018,1,
17020,0,
17021,1,
17023,0,
17025,1,
17029,1,
17031,1,
17037,1,
17038,0,
17039,1,
17041,1,
17044,1,
17049,1,
17051,1,
17055,1,
17056,1,
17057,1,
17059,1,
17060,1,
17061,0,
17063,0,
17064,0,
17068,1,
17073,0,
17075,1,
17076,1,
17077,1,
17078,1,
17080,0,
17081,1,
17082,0,
17083,0,
17085,1,
17086,1,
17089,1,
17091,1,
17092,1,
17094,1,
17096,1,
17097,1,
17100,1,
17103,1,
17105,1,
17106,1,
17107,1,
17111,1,
17112,0,
17115,1,
17116,1,
17117,0,
17118,1,
17120,1,
17122,1,
17125,1,
17126,1,
17127,1,
17128,1,
17129,1,
17133,0,
17141,1,
17142,1,
17149,1,
17150,0,
17151,1,
17152,1,
17153,1,
17158,0,
17160,1,
17162,1,
17163,1,
17165,1,
17166,1,
17168,1,
17170,1,
17172,1,
17173,0,
17176,0,
17178,1,
17181,1,
17183,1,
17186,1,
17187,1,
17188,1,
17189,1,
17190,1,
17193,1,
17195,1,
17196,1,
17197,1,
17199,1,
17202,0,
17204,0,
17205,1,
17206,1,
17209,1,
17210,1,
17211,1,
17214,1,
17219,0,
17221,1,
17222,1,
17224,1,
17225,1,
17226,1,
17228,1,
17229,1,
17232,1,
17237,1,
17238,1,
17241,1,
17244,1,
17246,1,
17247,0,
17248,0,
17249,1,
17250,0,
17252,1,
17254,1,
17255,1,
17256,1,
17259,1,
17260,1,
17261,0,
17262,1,
17263,1,
17265,1,
17266,1,
17268,1,
17269,1,
17270,0,
17273,1,
17274,1,
17281,0,
17285,1,
17288,0,
17289,0,
17290,1,
17291,1,
17292,0,
17293,1,
17298,1,
17299,1,
17300,0,
17302,0,
17303,1,
17304,1,
17305,1,
17306,1,
17307,1,
17308,1,
17310,0,
17316,1,
17318,1,
17320,1,
17322,1,
17323,1,
17330,1,
17331,0,
17333,0,
17336,1,
17338,0,
17339,1,
17342,0,
17344,1,
17347,1,
17348,1,
17349,1,
17351,1,
17352,1,
17353,1,
17355,1,
17356,0,
17357,1,
17358,1,
17359,0,
17360,1,
17365,1,
17369,1,
17370,0,
17371,1,
17372,1,
17373,1,
17376,1,
17378,0,
17379,1,
17386,1,
17387,1,
17389,0,
17390,1,
17391,1,
17392,1,
17393,0,
17394,1,
17396,1,
17398,1,
17399,1,
17400,1,
17406,0,
17409,1,
17410,1,
17413,1,
17417,1,
17418,0,
17420,1,
17421,1,
17423,1,
17424,1,
17427,0,
17428,1,
17429,1,
17430,0,
17433,1,
17434,0,
17435,1,
17436,1,
17438,1,
17444,1,
17445,1,
17450,1,
17451,1,
17453,1,
17456,0,
17460,1,
17461,1,
17462,1,
17463,1,
17467,1,
17468,1,
17471,1,
17472,1,
17474,0,
17475,1,
17479,1,
17484,0,
17485,1,
17486,1,
17491,1,
17497,1,
17502,1,
17504,0,
17506,1,
17507,0,
17509,1,
17518,0,
17519,1,
17520,1,
17521,1,
17525,1,
17528,0,
17529,1,
17532,1,
17542,1,
17543,1,
17550,1,
17557,1,
17559,0,
17560,1,
17561,0,
17562,1,
17565,0,
17566,1,
17567,1,
17571,1,
17574,1,
17575,0,
17576,0,
17579,1,
17580,1,
17581,1,
17582,1,
17584,1,
17585,1,
17586,1,
17587,1,
17588,1,
17592,1,
17596,1,
17597,0,
17600,1,
17602,1,
17604,1,
17606,1,
17607,1,
17608,1,
17610,1,
17611,1,
17614,1,
17615,0,
17616,1,
17617,1,
17621,1,
17622,1,
17625,0,
17626,1,
17627,1,
17630,1,
17631,1,
17635,1,
17641,1,
17642,1,
17643,1,
17651,1,
17652,1,
17654,0,
17655,1,
17656,0,
17660,1,
17661,1,
17668,1,
17669,0,
17670,1,
17672,1,
17674,1,
17678,1,
17679,1,
17680,1,
17682,0,
17683,0,
17684,1,
17686,1,
17689,1,
17691,0,
17692,1,
17693,1,
17696,1,
17698,1,
17701,1,
17704,1,
17705,1,
17706,1,
17708,0,
17712,1,
17714,1,
17719,1,
17720,1,
17721,1,
17722,1,
17723,1,
17724,1,
17726,1,
17728,1,
17732,1,
17733,1,
17737,1,
17738,1,
17739,1,
17740,1,
17741,0,
17745,1,
17746,0,
17747,1,
17748,1,
17751,1,
17752,1,
17754,0,
17757,0,
17758,1,
17759,1,
17760,1,
17764,1,
17765,1,
17766,0,
17768,0,
17769,1,
17773,0,
17775,1,
17777,1,
17778,1,
17780,0,
17781,1,
17782,1,
17784,1,
17785,1,
17787,1,
17789,1,
17791,1,
17797,1,
17798,1,
17799,1,
17801,1,
17802,1,
17807,1,
17808,1,
17812,1,
17813,0,
17819,0,
17820,1,
17822,1,
17823,1,
17824,1,
17825,0,
17827,1,
17829,1,
17830,1,
17832,1,
17834,1,
17837,1,
17838,0,
17839,1,
17841,1,
17842,1,
17844,1,
17849,1,
17850,1,
17856,1,
17858,0,
17863,0,
17866,1,
17868,1,
17869,1,
17872,1,
17874,0,
17875,0,
17877,0,
17878,1,
17881,1,
17884,0,
17885,0,
17886,1,
17892,1,
17896,1,
17898,1,
17899,1,
17900,1,
17901,1,
17905,1,
17906,1,
17910,1,
17912,0,
17914,1,
17915,1,
17916,0,
17917,1,
17918,1,
17922,0,
17924,1,
17927,1,
17928,1,
17929,1,
17930,1,
17932,1,
17935,1,
17936,1,
17938,0,
17939,1,
17940,1,
17942,1,
17943,1,
17946,1,
17949,1,
17950,1,
17952,1,
17953,1,
17954,1,
17956,1,
17959,1,
17960,1,
17963,1,
17965,1,
17966,1,
17968,1,
17970,1,
17971,1,
17973,1,
17975,1,
17978,1,
17979,0,
17984,1,
17985,0,
17989,1,
17992,1,
17993,1,
17995,1,
17997,1,
17998,1,
18002,1,
18003,1,
18007,1,
18013,1,
18014,1,
18015,1,
18016,1,
18018,0,
18021,1,
18022,0,
18025,1,
18027,0,
18028,1,
18030,0,
18031,0,
18032,1,
18033,1,
18034,1,
18039,1,
18046,1,
18048,1,
18049,0,
18050,1,
18052,1,
18054,0,
18056,1,
18058,0,
18060,1,
18065,1,
18067,1,
18069,1,
18071,1,
18072,1,
18073,1,
18074,1,
18075,0,
18083,1,
18084,1,
18085,1,
18086,1,
18087,1,
18088,1,
18092,1,
18093,1,
18096,1,
18098,0,
18099,1,
18102,0,
18104,0,
18106,1,
18114,1,
18115,0,
18119,1,
18120,1,
18121,1,
18123,1,
18124,1,
18128,1,
18129,1,
18131,1,
18132,1,
18133,1,
18136,1,
18139,1,
18141,1,
18146,1,
18147,1,
18150,1,
18151,1,
18152,1,
18156,1,
18157,1,
18158,1,
18160,1,
18161,1,
18162,1,
18165,0,
18167,1,
18168,0,
18171,1,
18176,1,
18178,1,
18179,1,
18181,1,
18184,1,
18185,1,
18187,0,
18188,1,
18193,1,
18195,1,
18198,0,
18201,1,
18202,1,
18203,0,
18206,1,
18208,1,
18209,0,
18210,1,
18217,1,
18219,1,
18221,1,
18223,1,
18224,1,
18225,1,
18226,1,
18227,1,
18228,0,
18229,1,
18235,0,
18236,1,
18237,1,
18240,1,
18248,1,
18249,1,
18250,1,
18251,1,
18255,1,
18256,1,
18257,0,
18258,1,
18259,1,
18261,1,
18262,1,
18264,1,
18266,0,
18267,1,
18269,1,
18271,1,
18273,1,
18274,1,
18278,1,
18279,1,
18280,1,
18281,1,
18282,0,
18285,1,
18290,1,
18292,1,
18294,1,
18295,0,
18299,1,
18304,1,
18305,1,
18307,1,
18308,1,
18313,1,
18314,1,
18316,0,
18322,0,
18324,1,
18325,1,
18327,1,
18328,1,
18329,1,
18331,1,
18332,1,
18334,1,
18335,1,
18336,1,
18337,1,
18338,1,
18341,1,
18345,1,
18346,1,
18347,1,
18349,1,
18350,1,
18352,0,
18353,1,
18356,1,
18359,1,
18360,1,
18361,1,
18362,1,
18363,0,
18364,1,
18368,0,
18371,1,
18376,1,
18378,1,
18379,1,
18380,0,
18381,0,
18385,1,
18386,0,
18388,1,
18390,1,
18392,0,
18395,1,
18397,0,
18398,1,
18399,0,
18400,1,
18401,1,
18403,1,
18404,1,
18405,1,
18409,1,
18410,1,
18411,0,
18414,1,
18415,1,
18417,1,
18418,1,
18420,0,
18421,0,
18422,0,
18423,1,
18425,1,
18430,1,
18431,1,
18432,1,
18434,1,
18436,1,
18437,0,
18438,1,
18439,1,
18441,1,
18442,1,
18443,1,
18448,1,
18450,0,
18453,1,
18454,0,
18458,1,
18459,1,
18461,1,
18462,1,
18463,0,
18464,1,
18465,0,
18467,1,
18468,0,
18469,1,
18470,0,
18471,0,
18472,1,
18474,1,
18475,1,
18477,1,
18478,1,
18484,1,
18486,1,
18487,1,
18488,1,
18489,0,
18491,1,
18492,0,
18493,1,
18494,0,
18499,1,
18500,0,
18501,0,
18503,1,
18504,1,
18505,0,
18507,1,
18508,1,
18509,0,
18510,1,
18511,1,
18513,1,
18514,1,
18517,0,
18519,0,
18526,1,
18530,1,
18532,0,
18536,1,
18537,1,
18538,1,
18539,0,
18541,1,
18542,1,
18543,1,
18547,1,
18549,1,
18550,1,
18552,1,
18555,1,
18556,1,
18558,0,
18559,1,
18561,0,
18562,1,
18564,1,
18565,0,
18566,0,
18568,1,
18569,0,
18570,1,
18571,0,
18574,1,
18576,1,
18577,1,
18578,0,
18579,0,
18580,0,
18582,1,
18583,1,
18584,1,
18585,1,
18587,0,
18588,1,
18589,0,
18592,0,
18594,1,
18595,0,
18596,1,
18597,1,
18599,0,
18600,0,
18601,0,
18603,1,
18604,1,
18606,1,
18609,1,
18610,1,
18611,0,
18612,1,
18613,1,
18617,1,
18618,1,
18622,1,
18628,1,
18629,1,
18630,1,
18632,1,
18634,1,
18636,1,
18637,1,
18638,1,
18639,1,
18640,1,
18643,1,
18645,1,
18647,1,
18648,1,
18653,1,
18655,1,
18660,1,
18662,1,
18663,0,
18666,1,
18667,1,
18668,0,
18675,1,
18677,1,
18679,1,
18681,1,
18682,1,
18683,0,
18684,1,
18685,0,
18686,1,
18690,1,
18691,1,
18692,1,
18693,1,
18694,1,
18699,1,
18700,1,
18701,1,
18704,1,
18707,0,
18709,1,
18710,1,
18714,1,
18717,0,
18719,1,
18720,1,
18722,1,
18723,0,
18724,0,
18725,1,
18729,1,
18730,0,
18731,1,
18732,1,
18734,1,
18735,1,
18736,1,
18737,1,
18738,1,
18739,1,
18740,1,
18742,1,
18743,1,
18746,1,
18749,1,
18750,1,
18751,1,
18752,1,
18753,0,
18754,1,
18755,1,
18756,1,
18758,0,
18760,1,
18765,1,
18766,0,
18767,1,
18770,1,
18771,1,
18772,1,
18773,1,
18774,0,
18776,1,
18777,1,
18778,1,
18779,0,
18781,1,
18784,1,
18785,1,
18786,0,
18791,1,
18796,0,
18798,1,
18799,1,
18801,1,
18803,0,
18805,1,
18811,1,
18813,1,
18815,0,
18819,1,
18821,1,
18822,1,
18823,1,
18824,1,
18825,1,
18826,1,
18830,1,
18831,1,
18833,0,
18834,0,
18835,1,
18836,1,
18837,1,
18838,1,
18839,1,
18842,1,
18843,1,
18844,1,
18845,0,
18847,1,
18849,1,
18853,0,
18854,1,
18855,1,
18857,1,
18861,1,
18866,1,
18867,1,
18869,0,
18870,0,
18872,1,
18876,0,
18877,0,
18878,1,
18880,1,
18881,1,
18882,0,
18886,1,
18887,1,
18890,0,
18891,1,
18893,1,
18895,1,
18897,1,
18898,0,
18909,1,
18910,1,
18911,1,
18912,0,
18913,1,
18914,1,
18915,1,
18916,0,
18918,1,
18919,1,
18924,1,
18929,0,
18933,1,
18937,1,
18939,1,
18941,1,
18943,1,
18944,0,
18946,0,
18947,0,
18948,1,
18950,1,
18953,1,
18954,0,
18955,1,
18956,1,
18958,1,
18959,0,
18960,1,
18962,0,
18967,1,
18970,1,
18971,0,
18972,1,
18973,1,
18975,0,
18976,1,
18978,1,
18979,1,
18983,0,
18985,1,
18987,1,
18992,1,
18995,1,
18998,1,
18999,1,
19001,1,
19004,1,
19005,0,
19007,1,
19008,1,
19009,1,
19014,1,
19022,1,
19024,1,
19026,1,
19027,1,
19030,0,
19031,0,
19033,1,
19036,1,
19039,1,
19040,1,
19042,1,
19043,1,
19046,1,
19049,1,
19052,1,
19054,1,
19056,1,
19058,0,
19062,1,
19063,1,
19066,1,
19071,1,
19074,1,
19076,1,
19078,1,
19084,1,
19085,1,
19088,0,
19090,1,
19091,1,
19092,0,
19093,1,
19094,0,
19095,1,
19096,0,
19097,1,
19100,1,
19101,1,
19103,1,
19104,1,
19105,1,
19108,0,
19110,0,
19111,0,
19112,1,
19114,0,
19115,1,
19116,1,
19118,1,
19119,1,
19120,1,
19122,1,
19123,0,
19125,1,
19127,1,
19128,1,
19130,1,
19132,1,
19134,0,
19136,1,
19139,1,
19141,1,
19144,1,
19145,0,
19147,1,
19152,0,
19154,1,
19155,0,
19160,1,
19161,0,
19162,1,
19163,1,
19166,1,
19167,1,
19168,1,
19170,1,
19171,0,
19175,1,
19181,1,
19183,1,
19185,1,
19189,0,
19191,0,
19192,1,
19193,1,
19195,1,
19196,0,
19199,1,
19203,0,
19207,1,
19209,1,
19211,1,
19214,1,
19215,1,
19221,0,
19223,1,
19224,1,
19225,1,
19226,1,
19228,1,
19231,1,
19232,1,
19233,1,
19235,1,
19237,1,
19239,1,
19242,1,
19243,1,
19247,0,
19248,0,
19252,1,
19254,1,
19255,1,
19256,1,
19257,1,
19260,0,
19265,1,
19268,1,
19270,1,
19273,0,
19275,1,
19276,1,
19277,1,
19279,1,
19280,1,
19281,0,
19284,0,
19288,1,
19291,1,
19293,0,
19295,1,
19297,1,
19298,0,
19299,1,
19300,1,
19303,1,
19304,1,
19305,0,
19306,1,
19307,1,
19308,1,
19311,1,
19312,1,
19313,1,
19315,0,
19321,1,
19322,1,
19323,1,
19327,1,
19330,1,
19333,1,
19335,1,
19336,1,
19337,1,
19338,1,
19339,1,
19340,0,
19341,0,
19342,1,
19343,1,
19344,0,
19345,1,
19346,1,
19347,1,
19348,1,
19350,1,
19351,1,
19353,0,
19354,1,
19355,1,
19356,1,
19358,0,
19359,1,
19362,0,
19364,1,
19367,1,
19368,1,
19373,1,
19374,0,
19375,1,
19379,1,
19380,0,
19382,0,
19383,1,
19384,1,
19385,1,
19388,1,
19390,0,
19391,1,
19393,1,
19395,0,
19396,1,
19397,1,
19404,1,
19405,1,
19407,1,
19412,0,
19413,1,
19414,1,
19418,1,
19423,1,
19424,1,
19426,1,
19427,1,
19428,1,
19431,1,
19433,1,
19436,1,
19438,1,
19439,1,
19440,1,
19441,1,
19445,1,
19448,1,
19450,1,
19451,0,
19452,0,
19453,0,
19457,1,
19458,1,
19459,1,
19460,1,
19461,1,
19463,1,
19464,1,
19469,1,
19470,0,
19472,1,
19473,1,
19475,0,
19476,1,
19481,0,
19484,1,
19485,1,
19487,1,
19489,1,
19490,1,
19492,1,
19493,1,
19495,0,
19497,1,
19498,0,
19499,0,
19500,0,
19501,1,
19502,1,
19505,1,
19506,1,
19507,1,
19509,1,
19510,1,
19513,0,
19517,0,
19519,1,
19521,0,
19534,1,
19536,1,
19539,1,
19541,0,
19542,1,
19544,1,
19546,1,
19549,1,
19551,1,
19553,1,
19554,0,
19557,1,
19558,1,
19559,1,
19563,1,
19564,1,
19565,1,
19566,1,
19567,0,
19570,1,
19572,1,
19577,1,
19578,1,
19580,1,
19581,1,
19582,1,
19583,1,
19587,1,
19588,1,
19589,0,
19595,1,
19597,1,
19599,0,
19601,1,
19602,1,
19603,1,
19605,1,
19607,1,
19608,1,
19611,1,
19613,1,
19615,1,
19617,1,
19618,1,
19619,0,
19623,1,
19625,0,
19627,0,
19628,0,
19632,1,
19633,1,
19637,1,
19638,1,
19644,0,
19645,1,
19646,0,
19648,1,
19651,0,
19653,1,
19655,1,
19656,1,
19658,1,
19660,0,
19661,1,
19663,1,
19664,1,
19666,1,
19669,1,
19670,1,
19673,1,
19674,1,
19677,1,
19678,1,
19679,1,
19680,1,
19683,1,
19688,1,
19689,1,
19690,1,
19693,1,
19694,1,
19695,1,
19697,1,
19698,1,
19699,1,
19701,1,
19703,1,
19705,1,
19706,0,
19707,1,
19713,1,
19715,1,
19717,0,
19718,1,
19719,1,
19721,1,
19722,0,
19723,1,
19725,1,
19726,1,
19727,1,
19728,1,
19730,1,
19732,1,
19735,1,
19737,1,
19738,1,
19739,1,
19740,1,
19746,0,
19748,0,
19751,0,
19752,1,
19758,1,
19759,0,
19761,1,
19764,1,
19767,1,
19768,0,
19770,1,
19771,1,
19772,1,
19774,0,
19776,1,
19777,1,
19779,1,
19780,1,
19781,1,
19784,1,
19785,1,
19786,1,
19788,0,
19789,0,
19790,1,
19794,1,
19796,1,
19797,1,
19799,1,
19800,0,
19802,1,
19803,0,
19805,0,
19807,0,
19808,1,
19809,1,
19810,0,
19811,1,
19813,0,
19815,0,
19816,1,
19818,1,
19819,1,
19825,1,
19830,1,
19834,0,
19835,1,
19837,0,
19839,1,
19840,1,
19841,1,
19842,0,
19843,1,
19845,1,
19846,0,
19847,1,
19849,1,
19850,1,
19851,1,
19853,1,
19857,1,
19860,1,
19861,1,
19866,1,
19869,1,
19870,1,
19874,1,
19876,1,
19880,1,
19881,1,
19882,1,
19886,1,
19887,1,
19888,1,
19889,1,
19891,1,
19892,1,
19893,1,
19894,1,
19896,1,
19898,1,
19899,1,
19900,1,
19904,0,
19905,1,
19906,1,
19912,1,
19913,1,
19914,1,
19915,0,
19916,1,
19919,1,
19924,1,
19926,1,
19927,0,
19928,0,
19929,1,
19930,1,
19931,1,
19932,0,
19933,1,
19934,1,
19935,1,
19937,1,
19938,1,
19939,1,
19942,0,
19945,1,
19946,1,
19947,0,
19950,0,
19952,1,
19953,1,
19955,0,
19958,1,
19960,0,
19963,1,
19968,1,
19969,1,
19972,1,
19974,1,
19976,1,
19978,1,
19979,1,
19981,1,
19983,1,
19984,1,
19985,1,
19986,0,
19987,1,
19988,1,
19992,0,
19995,0,
19996,1,
19999,1,
20002,1,
20003,0,
20005,1,
20006,1,
20007,1,
20008,0,
20010,0,
20011,1,
20013,0,
20021,1,
20022,1,
20024,1,
20026,1,
20028,1,
20034,1,
20035,1,
20036,1,
20038,0,
20039,0,
20042,0,
20043,1,
20045,1,
20048,0,
20049,0,
20050,1,
20053,1,
20054,1,
20057,1,
20059,0,
20064,0,
20067,1,
20069,1,
20070,1,
20073,1,
20074,1,
20075,1,
20077,1,
20078,1,
20080,1,
20081,1,
20086,1,
20087,1,
20088,1,
20089,1,
20092,1,
20093,1,
20094,1,
20095,0,
20096,1,
20097,1,
20101,1,
20103,0,
20104,1,
20109,0,
20110,1,
20111,1,
20113,0,
20114,1,
20115,1,
20116,1,
20118,0,
20131,1,
20132,1,
20134,1,
20136,1,
20146,1,
20147,1,
20149,1,
20150,1,
20152,1,
20153,1,
20154,1,
20159,1,
20161,1,
20165,1,
20167,1,
20170,1,
20171,0,
20174,1,
20175,1,
20180,1,
20181,0,
20183,1,
20184,1,
20191,0,
20193,0,
20194,1,
20195,0,
20196,1,
20197,1,
20199,1,
20200,1,
20202,1,
20203,1,
20205,1,
20208,1,
20209,1,
20211,1,
20215,0,
20217,0,
20222,1,
20224,0,
20225,1,
20227,0,
20231,1,
20232,1,
20233,1,
20235,1,
20239,1,
20240,1,
20241,1,
20244,1,
20245,1,
20249,0,
20250,1,
20251,1,
20252,1,
20255,1,
20259,1,
20261,1,
20263,1,
20265,1,
20267,1,
20268,1,
20272,1,
20275,1,
20276,1,
20279,1,
20280,1,
20287,1,
20289,1,
20292,1,
20296,0,
20297,0,
20298,1,
20300,1,
20301,1,
20302,1,
20303,1,
20305,1,
20306,1,
20307,1,
20308,1,
20309,1,
20312,1,
20316,1,
20318,0,
20319,0,
20320,1,
20325,1,
20326,1,
20330,1,
20332,1,
20333,0,
20334,1,
20336,1,
20338,0,
20339,1,
20340,1,
20342,1,
20343,1,
20344,1,
20345,1,
20346,0,
20348,1,
20349,0,
20350,1,
20351,1,
20352,0,
20353,1,
20356,1,
20359,1,
20362,1,
20365,0,
20369,1,
20370,1,
20372,1,
20377,1,
20381,1,
20384,1,
20385,0,
20391,1,
20392,1,
20393,1,
20394,1,
20397,1,
20399,1,
20400,1,
20401,1,
20403,1,
20405,1,
20407,0,
20408,1,
20409,1,
20413,0,
20414,1,
20415,0,
20416,0,
20417,1,
20418,1,
20419,1,
20421,1,
20423,1,
20428,1,
20434,1,
20435,1,
20436,1,
20437,1,
20443,0,
20444,0,
20445,1,
20448,1,
20451,0,
20453,1,
20454,0,
20455,1,
20456,0,
20457,1,
20459,1,
20461,1,
20462,1,
20463,1,
20464,1,
20466,1,
20467,0,
20468,1,
20469,1,
20471,1,
20472,1,
20473,0,
20474,1,
20478,0,
20479,0,
20483,1,
20484,1,
20485,1,
20492,1,
20493,1,
20494,1,
20496,1,
20497,0,
20498,1,
20499,1,
20501,1,
20502,0,
20503,0,
20504,1,
20505,1,
20507,1,
20508,1,
20511,0,
20515,1,
20520,1,
20521,1,
20524,1,
20527,1,
20531,1,
20532,1,
20533,1,
20537,1,
20542,1,
20545,1,
20546,1,
20547,1,
20550,1,
20551,1,
20553,0,
20555,1,
20559,0,
20560,1,
20561,0,
20562,1,
20563,0,
20567,1,
20568,1,
20569,1,
20571,1,
20572,1,
20575,1,
20576,1,
20579,1,
20581,1,
20584,1,
20587,0,
20588,1,
20589,1,
20592,0,
20594,1,
20596,0,
20599,1,
20600,0,
20601,1,
20602,1,
20608,1,
20609,1,
20611,1,
20612,0,
20617,0,
20620,1,
20621,1,
20622,1,
20623,0,
20624,1,
20625,1,
20626,1,
20627,1,
20629,1,
20631,1,
20632,1,
20633,1,
20634,0,
20638,0,
20639,1,
20640,1,
20641,0,
20642,1,
20644,1,
20645,1,
20646,1,
20651,1,
20653,0,
20659,1,
20661,0,
20662,0,
20668,1,
20669,0,
20670,1,
20671,1,
20672,1,
20674,0,
20678,0,
20682,1,
20684,1,
20688,1,
20689,1,
20691,1,
20692,1,
20697,1,
20700,0,
20701,1,
20702,0,
20704,1,
20705,1,
20706,0,
20707,1,
20710,1,
20711,0,
20712,1,
20713,1,
20718,0,
20721,1,
20723,1,
20727,0,
20730,1,
20736,1,
20739,1,
20741,1,
20747,1,
20748,1,
20750,1,
20758,1,
20760,1,
20761,1,
20765,1,
20768,1,
20769,1,
20770,1,
20772,1,
20776,1,
20778,1,
20780,0,
20786,1,
20789,1,
20793,1,
20795,1,
20796,1,
20800,1,
20801,1,
20802,1,
20806,1,
20809,1,
20810,0,
20811,1,
20812,1,
20815,1,
20816,1,
20820,0,
20822,1,
20823,1,
20826,1,
20827,0,
20828,1,
20830,1,
20836,1,
20841,1,
20843,1,
20847,1,
20848,1,
20849,1,
20850,1,
20853,1,
20855,0,
20856,1,
20858,1,
20859,1,
20860,1,
20861,1,
20862,1,
20863,1,
20867,1,
20870,1,
20871,1,
20872,1,
20874,0,
20878,0,
20882,1,
20886,1,
20888,1,
20889,1,
20890,1,
20893,1,
20895,1,
20899,0,
20900,0,
20901,1,
20903,0,
20906,1,
20910,1,
20913,0,
20918,1,
20919,0,
20924,1,
20927,1,
20929,1,
20931,1,
20932,1,
20933,1,
20937,1,
20938,1,
20939,1,
20940,1,
20942,1,
20945,1,
20947,1,
20950,1,
20951,1,
20954,1,
20960,1,
20961,1,
20963,1,
20964,1,
20967,1,
20971,1,
20972,1,
20973,0,
20974,1,
20976,1,
20978,1,
20979,1,
20984,1,
20985,1,
20988,0,
20992,1,
20997,1,
20998,1,
21000,1,
21002,1,
21003,1,
21007,1,
21009,1,
21011,1,
21012,1,
21013,1,
21014,0,
21015,1,
21016,1,
21017,1,
21019,1,
21020,1,
21021,1,
21022,1,
21023,1,
21026,1,
21029,1,
21030,1,
21035,1,
21036,1,
21037,0,
21038,1,
21041,1,
21042,1,
21045,1,
21046,1,
21047,1,
21050,1,
21051,1,
21053,1,
21055,1,
21058,1,
21060,1,
21061,1,
21062,1,
21063,1,
21065,1,
21067,1,
21069,1,
21072,1,
21073,1,
21076,1,
21078,1,
21079,1,
21081,1,
21089,1,
21090,1,
21093,1,
21094,1,
21095,1,
21097,1,
21099,1,
21100,1,
21101,0,
21102,0,
21106,1,
21108,0,
21109,0,
21110,0,
21111,1,
21115,1,
21116,1,
21117,1,
21118,0,
21120,1,
21123,1,
21125,0,
21126,1,
21127,0,
21128,1,
21129,1,
21130,1,
21135,1,
21136,1,
21137,1,
21138,1,
21139,1,
21140,1,
21141,1,
21144,1,
21145,1,
21146,0,
21147,1,
21148,1,
21150,1,
21152,1,
21154,1,
21155,1,
21159,1,
21166,1,
21167,1,
21168,0,
21172,0,
21174,1,
21177,1,
21178,1,
21181,1,
21184,0,
21185,1,
21186,0,
21187,1,
21190,1,
21192,1,
21195,1,
21196,0,
21197,1,
21200,1,
21201,0,
21209,1,
21212,0,
21213,1,
21215,1,
21217,1,
21218,1,
21221,1,
21225,1,
21226,1,
21228,0,
21230,1,
21233,1,
21234,1,
21238,0,
21240,1,
21242,1,
21244,1,
21248,1,
21250,1,
21254,1,
21255,1,
21256,0,
21258,1,
21260,1,
21263,0,
21264,1,
21265,0,
21266,1,
21268,0,
21269,1,
21272,1,
21274,1,
21276,1,
21277,1,
21284,1,
21286,1,
21288,0,
21292,1,
21295,0,
21296,1,
21300,1,
21303,1,
21304,1,
21308,1,
21309,1,
21310,1,
21311,0,
21312,1,
21314,1,
21315,0,
21318,1,
21319,0,
21322,1,
21324,1,
21327,0,
21328,1,
21329,1,
21330,1,
21331,1,
21332,1,
21333,1,
21334,0,
21335,1,
21337,1,
21338,1,
21340,1,
21343,1,
21344,1,
21352,1,
21353,0,
21354,1,
21355,1,
21357,1,
21358,1,
21360,1,
21361,1,
21362,1,
21370,1,
21371,1,
21372,0,
21373,0,
21375,1,
21382,1,
21383,1,
21386,1,
21388,1,
21392,1,
21393,1,
21394,1,
21395,1,
21396,1,
21397,1,
21401,1,
21404,1,
21406,1,
21410,1,
21411,1,
21412,1,
21414,1,
21415,1,
21416,1,
21417,0,
21419,0,
21420,1,
21422,0,
21423,1,
21424,1,
21425,1,
21426,1,
21429,1,
21434,1,
21436,0,
21438,0,
21442,1,
21443,1,
21447,1,
21448,0,
21449,0,
21451,1,
21452,0,
21453,0,
21454,1,
21455,1,
21456,1,
21457,1,
21458,1,
21459,0,
21460,0,
21461,0,
21462,1,
21463,1,
21466,0,
21469,0,
21470,1,
21474,0,
21479,0,
21483,1,
21484,1,
21485,0,
21486,1,
21493,0,
21494,0,
21495,1,
21496,1,
21497,1,
21498,1,
21502,1,
21503,0,
21504,1,
21505,1,
21508,1,
21509,0,
21511,1,
21513,1,
21514,1,
21516,0,
21517,1,
21518,1,
21520,1,
21523,1,
21526,1,
21527,1,
21530,1,
21532,1,
21535,1,
21538,1,
21539,0,
21541,0,
21542,1,
21543,0,
21544,1,
21546,1,
21550,0,
21551,1,
21553,1,
21562,1,
21563,0,
21565,1,
21566,1,
21571,1,
21572,1,
21573,1,
21574,1,
21575,0,
21576,1,
21577,0,
21579,1,
21582,0,
21584,1,
21585,1,
21587,1,
21591,1,
21593,0,
21594,1,
21596,1,
21597,0,
21598,1,
21599,1,
21600,0,
21601,1,
21604,1,
21605,1,
21607,1,
21608,1,
21612,1,
21615,1,
21618,1,
21622,1,
21624,1,
21625,1,
21626,1,
21627,1,
21629,1,
21631,1,
21634,1,
21635,1,
21636,0,
21640,1,
21641,1,
21642,1,
21643,1,
21644,1,
21645,1,
21646,1,
21647,1,
21649,0,
21650,0,
21652,1,
21654,1,
21658,1,
21661,1,
21662,1,
21664,1,
21666,1,
21667,1,
21668,1,
21669,1,
21670,0,
21673,0,
21675,1,
21677,1,
21679,1,
21680,1,
21685,1,
21688,1,
21689,0,
21690,0,
21692,0,
21695,1,
21696,1,
21697,1,
21698,0,
21700,0,
21701,0,
21705,1,
21706,1,
21708,0,
21709,1,
21711,1,
21713,1,
21714,1,
21715,1,
21718,1,
21720,1,
21722,1,
21723,1,
21725,1,
21727,1,
21734,1,
21738,1,
21740,1,
21743,1,
21748,0,
21751,1,
21752,0,
21754,1,
21755,1,
21756,1,
21757,1,
21758,1,
21760,1,
21761,1,
21764,0,
21766,1,
21767,1,
21768,1,
21769,1,
21773,1,
21774,1,
21775,0,
21782,0,
21783,0,
21787,1,
21789,1,
21790,1,
21791,0,
21792,1,
21793,1,
21795,1,
21796,0,
21798,0,
21800,1,
21801,1,
21802,1,
21803,1,
21804,1,
21805,0,
21806,1,
21807,0,
21808,1,
21809,0,
21810,1,
21811,0,
21812,1,
21814,1,
21815,1,
21816,1,
21817,1,
21818,1,
21819,1,
21826,1,
21830,1,
21832,1,
21833,1,
21836,0,
21837,1,
21838,1,
21839,0,
21840,1,
21841,1,
21843,1,
21844,1,
21850,1,
21851,0,
21852,1,
21858,1,
21860,0,
21861,1,
21863,0,
21866,1,
21868,1,
21869,1,
21870,1,
21871,1,
21875,1,
21877,1,
21878,0,
21885,1,
21886,1,
21887,0,
21889,1,
21890,1,
21891,1,
21893,1,
21894,1,
21895,1,
21897,1,
21898,0,
21900,1,
21903,0,
21904,1,
21907,1,
21911,0,
21914,1,
21915,1,
21918,0,
21919,1,
21920,1,
21921,1,
21922,1,
21924,1,
21927,1,
21929,0,
21930,1,
21931,1,
21932,1,
21938,1,
21941,1,
21942,1,
21943,1,
21948,1,
21949,1,
21950,1,
21951,1,
21952,1,
21953,0,
21954,1,
21956,1,
21957,1,
21961,1,
21964,1,
21968,1,
21971,1,
21972,1,
21973,1,
21974,0,
21975,1,
21982,1,
21983,1,
21984,1,
21989,1,
21992,0,
21993,1,
21995,1,
21996,1,
21997,0,
21999,1,
22000,1,
22001,1,
22002,1,
22003,0,
22004,1,
22005,1,
22006,1,
22008,1,
22009,0,
22011,1,
22012,1,
22016,1,
22018,1,
22021,1,
22022,1,
22024,1,
22025,1,
22026,1,
22027,1,
22028,1,
22031,1,
22032,1,
22034,1,
22035,1,
22037,1,
22038,1,
22039,1,
22040,1,
22041,0,
22042,1,
22043,0,
22044,1,
22045,1,
22046,0,
22047,1,
22051,0,
22055,1,
22056,0,
22058,1,
22062,1,
22063,1,
22064,1,
22068,1,
22069,1,
22071,0,
22072,1,
22073,1,
22074,1,
22077,1,
22080,1,
22081,1,
22083,0,
22084,1,
22085,1,
22087,1,
22088,1,
22091,1,
22092,1,
22093,1,
22094,1,
22095,1,
22097,1,
22099,1,
22101,1,
22102,1,
22103,1,
22107,1,
22111,1,
22112,0,
22113,1,
22114,1,
22116,1,
22118,0,
22119,1,
22120,1,
22121,1,
22122,1,
22123,0,
22126,0,
22128,1,
22131,0,
22132,1,
22134,1,
22135,1,
22137,1,
22140,1,
22141,0,
22146,1,
22147,0,
22152,1,
22153,1,
22154,0,
22156,1,
22157,1,
22158,0,
22164,1,
22166,0,
22169,1,
22170,1,
22172,1,
22173,1,
22174,1,
22175,1,
22176,1,
22177,1,
22179,1,
22184,1,
22185,0,
22187,0,
22189,1,
22196,1,
22197,1,
22200,1,
22201,1,
22202,1,
22203,1,
22204,1,
22206,1,
22207,1,
22208,1,
22209,1,
22212,1,
22213,1,
22214,1,
22216,1,
22217,1,
22218,1,
22220,1,
22221,1,
22223,1,
22224,1,
22228,1,
22230,1,
22233,1,
22234,1,
22235,0,
22236,1,
22238,1,
22239,0,
22241,0,
22242,1,
22243,1,
22244,1,
22245,1,
22247,1,
22249,1,
22250,0,
22252,1,
22254,0,
22255,1,
22258,1,
22259,1,
22260,1,
22264,0,
22265,1,
22266,1,
22269,1,
22274,1,
22275,1,
22280,0,
22281,1,
22282,1,
22283,1,
22287,1,
22289,1,
22290,0,
22291,0,
22294,1,
22296,1,
22298,1,
22301,1,
22305,1,
22311,1,
22312,1,
22313,0,
22317,1,
22319,1,
22320,1,
22322,1,
22324,1,
22325,1,
22328,1,
22330,0,
22336,1,
22337,0,
22340,1,
22341,1,
22344,1,
22348,1,
22350,1,
22351,1,
22357,0,
22360,1,
22364,1,
22367,0,
22372,1,
22373,1,
22376,1,
22380,0,
22382,1,
22386,1,
22387,1,
22388,1,
22390,1,
22391,0,
22394,1,
22396,1,
22397,1,
22402,1,
22404,0,
22405,1,
22406,1,
22408,1,
22410,1,
22413,1,
22415,1,
22416,0,
22420,0,
22421,1,
22423,1,
22426,0,
22427,0,
22430,1,
22431,1,
22435,0,
22436,1,
22437,1,
22438,1,
22440,1,
22443,1,
22444,0,
22446,1,
22448,1,
22449,0,
22450,1,
22451,1,
22456,1,
22462,1,
22463,0,
22464,1,
22465,0,
22468,1,
22472,1,
22473,0,
22476,1,
22478,1,
22479,1,
22480,1,
22482,1,
22485,1,
22488,1,
22489,1,
22491,0,
22492,0,
22496,0,
22497,1,
22498,1,
22500,1,
22504,0,
22506,1,
22507,1,
22509,1,
22511,1,
22512,1,
22514,0,
22516,0,
22517,0,
22518,1,
22521,1,
22522,1,
22524,1,
22528,1,
22529,0,
22535,1,
22538,1,
22543,1,
22544,1,
22549,1,
22550,1,
22552,1,
22553,1,
22554,1,
22555,1,
22556,1,
22557,1,
22560,1,
22561,1,
22563,1,
22564,1,
22567,1,
22569,1,
22572,1,
22573,1,
22574,1,
22576,0,
22578,0,
22581,0,
22583,1,
22587,1,
22589,1,
22591,1,
22598,1,
22600,1,
22601,1,
22602,1,
22604,1,
22605,1,
22606,1,
22608,1,
22610,1,
22611,1,
22613,1,
22616,1,
22617,0,
22621,1,
22625,1,
22626,1,
22629,1,
22630,1,
22634,1,
22636,1,
22639,1,
22640,0,
22642,1,
22645,0,
22647,1,
22649,0,
22651,1,
22652,1,
22653,1,
22664,0,
22666,1,
22671,1,
22675,1,
22680,1,
22681,1,
22682,0,
22685,1,
22686,1,
22688,0,
22690,0,
22693,1,
22694,1,
22695,1,
22697,1,
22698,1,
22702,1,
22709,1,
22712,1,
22713,1,
22715,1,
22717,1,
22718,1,
22722,0,
22723,1,
22726,1,
22734,0,
22735,1,
22737,1,
22739,1,
22740,1,
22745,1,
22747,1,
22749,0,
22751,1,
22752,1,
22755,1,
22757,1,
22760,1,
22762,1,
22764,1,
22772,0,
22775,0,
22776,1,
22777,1,
22779,1,
22780,1,
22781,1,
22783,1,
22786,1,
22791,0,
22792,0,
22794,1,
22795,1,
22796,1,
22798,1,
22799,1,
22801,1,
22803,1,
22804,1,
22806,1,
22810,1,
22812,1,
22816,0,
22817,0,
22819,0,
22820,1,
22821,1,
22822,1,
22823,1,
22825,0,
22826,1,
22828,1,
22830,1,
22831,1,
22832,0,
22834,1,
22835,1,
22837,1,
22838,1,
22839,0,
22841,1,
22842,1,
22847,1,
22848,1,
22850,1,
22851,1,
22854,1,
22857,1,
22858,0,
22866,1,
22872,1,
22873,1,
22874,1,
22878,0,
22879,1,
22881,1,
22882,0,
22888,0,
22889,1,
22890,1,
22891,1,
22897,1,
22898,1,
22900,1,
22903,1,
22905,1,
22906,1,
22908,1,
22909,1,
22911,1,
22912,0,
22914,1,
22915,0,
22917,1,
22919,1,
22920,1,
22921,1,
22925,1,
22927,1,
22928,1,
22930,1,
22931,1,
22932,1,
22933,1,
22935,1,
22943,0,
22944,1,
22947,1,
22949,1,
22950,1,
22951,1,
22957,1,
22959,1,
22960,1,
22961,1,
22963,1,
22966,0,
22967,1,
22968,1,
22970,1,
22971,1,
22973,1,
22975,1,
22976,1,
22977,1,
22979,0,
22980,1,
22981,1,
22984,1,
22986,1,
22987,1,
22988,1,
22989,1,
22990,1,
22991,1,
22993,0,
22994,0,
22995,1,
22996,1,
22997,0,
22998,1,
22999,0,
23000,1,
